"읍면동별(1)",읍면동별(2),2019,2019,2019,2019,2019,2019,2019,2019,2019,2019,2019,2019,2019,2019,2019,2019,2019,2019,2019,2019,2019,2019,2019,2019,2019,2019,2019,2019,2019,2019,2019,2019,2019,2019,2019,2019,2019,2019,2019,2019,2019,2019,2019,2020,2020,2020,2020,2020,2020,2020,2020,2020,2020,2020,2020,2020,2020,2020,2020,2020,2020,2020,2020,2020,2020,2020,2020,2020,2020,2020,2020,2020,2020,2020,2020,2020,2020,2020,2020,2020,2020,2020,2020,2020,2020,2020,2021,2021,2021,2021,2021,2021,2021,2021,2021,2021,2021,2021,2021,2021,2021,2021,2021,2021,2021,2021,2021,2021,2021,2021,2021,2021,2021,2021,2021,2021,2021,2021,2021,2021,2021,2021,2021,2021,2021,2021,2021,2021,2021,2022,2022,2022,2022,2022,2022,2022,2022,2022,2022,2022,2022,2022,2022,2022,2022,2022,2022,2022,2022,2022,2022,2022,2022,2022,2022,2022,2022,2022,2022,2022,2022,2022,2022,2022,2022,2022,2022,2022,2022,2022,2022,2022,2023,2023,2023,2023,2023,2023,2023,2023,2023,2023,2023,2023,2023,2023,2023,2023,2023,2023,2023,2023,2023,2023,2023,2023,2023,2023,2023,2023,2023,2023,2023,2023,2023,2023,2023,2023,2023,2023,2023,2023,2023,2023,2023
"읍면동별(1)",읍면동별(2),합계,합계,합계,합계,합계,농업 임업 및 어업,농업 임업 및 어업,광업,광업,제조업,제조업,전기 가스 증기 및 공기조절공급업,전기 가스 증기 및 공기조절공급업,수도 하수 및 폐기물 처리 원료 재생업,수도 하수 및 폐기물 처리 원료 재생업,건설업,건설업,도매 및 소매업,도매 및 소매업,운수 및 창고업,운수 및 창고업,숙박 및 음식점업,숙박 및 음식점업,정보통신업,정보통신업,금융 보험업,금융 보험업,부동산업,부동산업,전문 과학 및 기술 서비스업,전문 과학 및 기술 서비스업,사업시설관리 사업지원 및 임대서비스업,사업시설관리 사업지원 및 임대서비스업,공공행정국방및사회보장행정,공공행정국방및사회보장행정,교육서비스업,교육서비스업,보건업 및 사회복지 서비스업,보건업 및 사회복지 서비스업,예술 스포츠 및 여가관련 서비스업,예술 스포츠 및 여가관련 서비스업,협회 및 단체 수리 및 기타 개인 서비스업,협회 및 단체 수리 및 기타 개인 서비스업,합계,합계,합계,합계,합계,농업 임업 및 어업,농업 임업 및 어업,광업,광업,제조업,제조업,전기 가스 증기 및 공기조절공급업,전기 가스 증기 및 공기조절공급업,수도 하수 및 폐기물 처리 원료 재생업,수도 하수 및 폐기물 처리 원료 재생업,건설업,건설업,도매 및 소매업,도매 및 소매업,운수 및 창고업,운수 및 창고업,숙박 및 음식점업,숙박 및 음식점업,정보통신업,정보통신업,금융 보험업,금융 보험업,부동산업,부동산업,전문 과학 및 기술 서비스업,전문 과학 및 기술 서비스업,사업시설관리 사업지원 및 임대서비스업,사업시설관리 사업지원 및 임대서비스업,공공행정국방및사회보장행정,공공행정국방및사회보장행정,교육서비스업,교육서비스업,보건업 및 사회복지 서비스업,보건업 및 사회복지 서비스업,예술 스포츠 및 여가관련 서비스업,예술 스포츠 및 여가관련 서비스업,협회 및 단체 수리 및 기타 개인 서비스업,협회 및 단체 수리 및 기타 개인 서비스업,합계,합계,합계,합계,합계,농업 임업 및 어업,농업 임업 및 어업,광업,광업,제조업,제조업,전기 가스 증기 및 공기조절공급업,전기 가스 증기 및 공기조절공급업,수도 하수 및 폐기물 처리 원료 재생업,수도 하수 및 폐기물 처리 원료 재생업,건설업,건설업,도매 및 소매업,도매 및 소매업,운수 및 창고업,운수 및 창고업,숙박 및 음식점업,숙박 및 음식점업,정보통신업,정보통신업,금융 보험업,금융 보험업,부동산업,부동산업,전문 과학 및 기술 서비스업,전문 과학 및 기술 서비스업,사업시설관리 사업지원 및 임대서비스업,사업시설관리 사업지원 및 임대서비스업,공공행정국방및사회보장행정,공공행정국방및사회보장행정,교육서비스업,교육서비스업,보건업 및 사회복지 서비스업,보건업 및 사회복지 서비스업,예술 스포츠 및 여가관련 서비스업,예술 스포츠 및 여가관련 서비스업,협회 및 단체 수리 및 기타 개인 서비스업,협회 및 단체 수리 및 기타 개인 서비스업,합계,합계,합계,합계,합계,농업 임업 및 어업,농업 임업 및 어업,광업,광업,제조업,제조업,전기 가스 증기 및 공기조절공급업,전기 가스 증기 및 공기조절공급업,수도 하수 및 폐기물 처리 원료 재생업,수도 하수 및 폐기물 처리 원료 재생업,건설업,건설업,도매 및 소매업,도매 및 소매업,운수 및 창고업,운수 및 창고업,숙박 및 음식점업,숙박 및 음식점업,정보통신업,정보통신업,금융 보험업,금융 보험업,부동산업,부동산업,전문 과학 및 기술 서비스업,전문 과학 및 기술 서비스업,사업시설관리 사업지원 및 임대서비스업,사업시설관리 사업지원 및 임대서비스업,공공행정국방및사회보장행정,공공행정국방및사회보장행정,교육서비스업,교육서비스업,보건업 및 사회복지 서비스업,보건업 및 사회복지 서비스업,예술 스포츠 및 여가관련 서비스업,예술 스포츠 및 여가관련 서비스업,협회 및 단체 수리 및 기타 개인 서비스업,협회 및 단체 수리 및 기타 개인 서비스업,합계,합계,합계,합계,합계,농업 임업 및 어업,농업 임업 및 어업,광업,광업,제조업,제조업,전기 가스 증기 및 공기조절공급업,전기 가스 증기 및 공기조절공급업,수도 하수 및 폐기물 처리 원료 재생업,수도 하수 및 폐기물 처리 원료 재생업,건설업,건설업,도매 및 소매업,도매 및 소매업,운수 및 창고업,운수 및 창고업,숙박 및 음식점업,숙박 및 음식점업,정보통신업,정보통신업,금융 보험업,금융 보험업,부동산업,부동산업,전문 과학 및 기술 서비스업,전문 과학 및 기술 서비스업,사업시설관리 사업지원 및 임대서비스업,사업시설관리 사업지원 및 임대서비스업,공공행정국방및사회보장행정,공공행정국방및사회보장행정,교육서비스업,교육서비스업,보건업 및 사회복지 서비스업,보건업 및 사회복지 서비스업,예술 스포츠 및 여가관련 서비스업,예술 스포츠 및 여가관련 서비스업,협회 및 단체 수리 및 기타 개인 서비스업,협회 및 단체 수리 및 기타 개인 서비스업
"읍면동별(1)",읍면동별(2),사업체수 (개),여성대표자사업체수 (개),종사자수 (명),남자종사자수 (명),여자종사자수 (명),사업체수 (개),종사자수 (명),사업체수 (개),종사자수 (명),사업체수 (개),종사자수 (명),사업체수 (개),종사자수 (명),사업체수 (개),종사자수 (명),사업체수 (개),종사자수 (명),사업체수 (개),종사자수 (명),사업체수 (개),종사자수 (명),사업체수 (개),종사자수 (명),사업체수 (개),종사자수 (명),사업체수 (개),종사자수 (명),사업체수 (개),종사자수 (명),사업체수 (개),종사자수 (명),사업체수 (개),종사자수 (명),사업체수 (개),종사자수 (명),사업체수 (개),종사자수 (명),사업체수 (개),종사자수 (명),사업체수 (개),종사자수 (명),사업체수 (개),종사자수 (명),사업체수 (개),여성대표자사업체수 (개),종사자수 (명),남자종사자수 (명),여자종사자수 (명),사업체수 (개),종사자수 (명),사업체수 (개),종사자수 (명),사업체수 (개),종사자수 (명),사업체수 (개),종사자수 (명),사업체수 (개),종사자수 (명),사업체수 (개),종사자수 (명),사업체수 (개),종사자수 (명),사업체수 (개),종사자수 (명),사업체수 (개),종사자수 (명),사업체수 (개),종사자수 (명),사업체수 (개),종사자수 (명),사업체수 (개),종사자수 (명),사업체수 (개),종사자수 (명),사업체수 (개),종사자수 (명),사업체수 (개),종사자수 (명),사업체수 (개),종사자수 (명),사업체수 (개),종사자수 (명),사업체수 (개),종사자수 (명),사업체수 (개),종사자수 (명),사업체수 (개),여성대표자사업체수 (개),종사자수 (명),남자종사자수 (명),여자종사자수 (명),사업체수 (개),종사자수 (명),사업체수 (개),종사자수 (명),사업체수 (개),종사자수 (명),사업체수 (개),종사자수 (명),사업체수 (개),종사자수 (명),사업체수 (개),종사자수 (명),사업체수 (개),종사자수 (명),사업체수 (개),종사자수 (명),사업체수 (개),종사자수 (명),사업체수 (개),종사자수 (명),사업체수 (개),종사자수 (명),사업체수 (개),종사자수 (명),사업체수 (개),종사자수 (명),사업체수 (개),종사자수 (명),사업체수 (개),종사자수 (명),사업체수 (개),종사자수 (명),사업체수 (개),종사자수 (명),사업체수 (개),종사자수 (명),사업체수 (개),종사자수 (명),사업체수 (개),여성대표자사업체수 (개),종사자수 (명),남자종사자수 (명),여자종사자수 (명),사업체수 (개),종사자수 (명),사업체수 (개),종사자수 (명),사업체수 (개),종사자수 (명),사업체수 (개),종사자수 (명),사업체수 (개),종사자수 (명),사업체수 (개),종사자수 (명),사업체수 (개),종사자수 (명),사업체수 (개),종사자수 (명),사업체수 (개),종사자수 (명),사업체수 (개),종사자수 (명),사업체수 (개),종사자수 (명),사업체수 (개),종사자수 (명),사업체수 (개),종사자수 (명),사업체수 (개),종사자수 (명),사업체수 (개),종사자수 (명),사업체수 (개),종사자수 (명),사업체수 (개),종사자수 (명),사업체수 (개),종사자수 (명),사업체수 (개),종사자수 (명),사업체수 (개),여성대표자사업체수 (개),종사자수 (명),남자종사자수 (명),여자종사자수 (명),사업체수 (개),종사자수 (명),사업체수 (개),종사자수 (명),사업체수 (개),종사자수 (명),사업체수 (개),종사자수 (명),사업체수 (개),종사자수 (명),사업체수 (개),종사자수 (명),사업체수 (개),종사자수 (명),사업체수 (개),종사자수 (명),사업체수 (개),종사자수 (명),사업체수 (개),종사자수 (명),사업체수 (개),종사자수 (명),사업체수 (개),종사자수 (명),사업체수 (개),종사자수 (명),사업체수 (개),종사자수 (명),사업체수 (개),종사자수 (명),사업체수 (개),종사자수 (명),사업체수 (개),종사자수 (명),사업체수 (개),종사자수 (명),사업체수 (개),종사자수 (명)
"합계",소계,52993,20431,295032,172400,122632,49,444,4,76,5795,84733,25,193,118,1406,2075,14160,12616,37793,4597,12630,10088,31284,335,2594,510,5862,2272,6140,1423,9294,1203,16578,99,5356,2551,24591,1939,25225,1703,5101,5591,11572,73365,27136,314811,188546,126265,121,508,4,58,7620,91115,397,574,157,1557,6121,21378,18281,39529,6296,14119,11169,26587,695,2909,636,5451,3724,7885,2250,10548,2324,19173,101,5549,3104,24641,2005,26988,1881,4314,6479,11928,74581,27315,321670,190484,131186,122,562,3,54,7668,91591,608,881,158,1579,6490,21426,18201,40883,6584,14875,11119,27061,805,3269,657,5832,3860,8373,2388,10864,2088,19127,103,5905,3307,24590,2042,29151,1893,4315,6485,11332,77243,28420,324475,191566,132909,137,723,4,49,8028,91079,746,1018,163,1622,6880,21170,18489,40267,6957,14453,11246,29365,942,3232,654,5725,3978,8547,2488,11804,2184,18424,105,6448,3436,24840,2120,29447,1943,4750,6743,11512,79458,29731,323557,189334,134223,152,802,4,54,7432,89297,995,1276,165,1581,7014,20566,19668,40475,7002,14446,11251,30162,1083,3234,686,5912,4103,8796,2593,12009,2336,16977,107,6259,3677,24555,2075,30325,1961,4749,7154,12082
"동남구",소계,23220,8858,117839,67655,50184,30,278,3,75,2266,24418,13,53,58,735,1101,6726,5917,16126,2156,6635,4310,13099,156,1059,215,2704,835,2316,667,3841,523,6320,52,1845,947,12241,779,12158,685,2257,2507,4953,32625,11593,126768,75553,51215,67,285,3,57,2853,25592,248,295,89,875,3877,12793,8246,16798,3299,7904,4613,10839,293,1090,261,2438,1323,2779,988,4207,956,6782,54,1993,1110,12484,786,12485,741,1984,2818,5088,33354,11692,128585,75749,52836,65,326,2,53,2941,25696,405,515,90,871,4187,12229,8169,17244,3341,8156,4627,11115,335,1087,265,2726,1416,3107,1049,4319,848,6477,54,2037,1160,12011,787,13704,753,1987,2860,4925,34196,12040,128285,75007,53278,73,449,2,47,3040,26214,482,590,89,895,4455,11374,8135,17128,3489,7495,4615,11827,352,1040,275,2641,1451,3193,1100,4622,896,6494,54,2114,1196,12002,805,13339,759,2006,2928,4815,35045,12547,130128,75595,54533,82,488,2,52,2848,26441,600,708,88,881,4523,11495,8537,17269,3522,7107,4618,12265,379,1055,291,2869,1482,3299,1132,4600,929,6568,56,2118,1280,11018,801,14639,763,2097,3112,5159
"동남구",목천읍,1792,625,9548,6160,3388,3,29,-,-,207,3003,1,1,5,83,93,578,383,1202,271,783,355,892,4,14,5,50,44,127,13,35,18,271,5,170,86,947,66,642,51,276,182,445,2522,845,10032,6348,3684,5,30,-,-,278,3126,19,19,12,95,208,649,593,1323,401,868,377,778,10,18,8,48,85,145,31,45,55,342,5,134,90,987,68,594,58,306,219,525,2580,869,10240,6376,3864,4,35,-,-,294,3129,26,27,12,119,220,690,595,1333,406,845,388,780,13,30,7,48,95,172,32,56,46,313,5,170,95,906,68,708,58,400,216,479,2605,882,10172,5994,4178,4,34,-,-,296,3071,26,28,13,122,254,819,594,1305,404,802,377,795,14,21,8,54,91,177,34,72,52,306,5,146,95,902,67,647,59,392,212,479,2653,923,10291,6292,3999,6,38,-,-,282,3023,34,35,14,128,240,895,633,1292,387,766,381,847,15,20,11,50,93,176,35,69,62,333,5,170,101,895,60,652,58,403,236,499
"동남구",풍세면,760,188,6651,5058,1593,9,43,-,-,269,3957,1,1,7,66,67,453,149,490,56,223,83,205,2,4,5,22,13,15,11,598,14,281,3,21,10,118,11,62,10,23,40,69,1061,262,7690,5748,1942,11,68,-,-,338,4625,46,47,9,78,114,515,206,591,104,300,85,186,4,6,5,29,23,34,17,545,19,359,3,25,11,121,11,61,12,29,43,71,1156,298,7714,5742,1972,12,65,-,-,350,4432,74,83,10,94,114,519,211,567,113,358,104,276,3,9,6,31,28,44,22,504,21,416,2,18,12,128,12,66,13,30,49,74,1213,313,7972,6031,1941,12,85,-,-,379,4825,89,90,10,94,114,429,211,580,110,352,105,249,4,9,6,29,32,42,26,604,21,237,3,32,13,126,15,79,15,37,48,73,1270,336,8520,6161,2359,14,85,-,-,367,5194,103,103,10,80,126,421,225,623,106,453,113,297,7,14,6,23,45,51,26,618,23,231,3,26,14,105,15,93,14,38,53,65
"동남구",광덕면,393,147,2467,1740,727,2,35,1,49,78,1329,-,-,6,90,20,106,83,164,27,92,88,203,1,2,3,26,13,17,3,6,3,23,2,23,8,71,8,67,8,19,39,145,559,196,2821,1992,829,15,55,2,49,94,1366,25,26,7,114,37,128,132,236,37,110,97,202,2,4,3,24,18,33,6,8,10,56,2,31,9,77,11,127,8,20,44,155,612,222,2709,1865,844,11,51,1,44,98,1287,41,41,7,113,50,110,136,236,35,107,109,192,3,4,3,19,21,43,7,10,11,51,2,27,12,72,10,130,8,19,47,153,641,230,3654,2670,984,13,45,1,35,102,1328,40,40,6,108,62,995,129,220,41,181,116,207,3,5,4,22,24,26,4,4,12,66,2,29,12,70,9,108,8,10,53,155,678,256,3354,2445,909,12,86,1,42,103,1365,39,39,7,87,64,578,147,238,39,179,119,209,5,7,8,26,24,27,5,5,10,53,2,28,13,74,9,108,8,15,63,188
"동남구",북면,289,110,1282,811,471,-,-,-,-,36,414,1,11,-,-,7,19,48,112,25,26,73,200,1,3,2,9,12,47,-,-,8,44,2,20,9,101,18,136,11,98,36,42,414,149,1365,850,515,3,3,-,-,46,387,18,26,1,1,31,69,83,155,33,33,79,201,2,4,2,10,19,32,3,3,10,51,2,23,11,76,18,145,12,96,41,50,449,152,1291,835,456,4,4,-,-,43,345,19,19,1,1,36,75,92,165,38,39,79,180,3,4,2,9,22,33,7,8,10,40,2,24,12,78,15,157,15,53,49,57,445,156,1394,922,472,5,15,-,-,47,415,24,24,1,1,37,75,80,154,37,39,83,204,2,4,2,9,20,33,5,9,10,39,2,24,9,73,16,133,15,74,50,69,483,174,1492,934,558,6,13,-,-,44,423,32,32,-,-,39,59,94,166,33,35,92,236,4,6,2,9,18,28,6,9,9,43,2,28,10,80,15,126,16,123,61,76
"동남구",성남면,607,149,5969,4569,1400,2,15,2,26,307,4487,-,-,6,10,20,145,87,265,44,230,45,141,2,46,1,8,8,13,6,6,14,153,3,18,8,77,8,90,9,186,35,53,1112,231,6745,5345,1400,5,21,1,8,381,4790,26,26,12,33,42,165,152,362,303,610,55,168,6,19,3,8,23,29,12,15,24,202,3,18,8,66,8,62,8,88,40,55,1172,240,7186,5601,1585,5,13,1,9,404,5224,44,44,11,30,47,160,161,397,312,575,50,174,6,21,1,6,23,28,14,25,24,174,3,19,8,74,8,68,9,86,41,59,1237,254,7997,6273,1724,5,32,1,12,428,5521,43,43,10,27,45,176,166,517,332,866,56,231,7,21,1,6,28,35,16,44,27,157,3,18,9,74,9,68,9,87,42,62,1321,301,8265,6428,1837,6,61,1,10,428,5886,100,100,12,36,54,194,183,576,327,586,59,282,7,22,1,6,31,35,13,45,24,113,3,18,10,73,9,68,10,95,43,59
"동남구",수신면,460,136,6487,4701,1786,2,4,-,-,197,4306,-,-,8,70,16,83,85,298,26,725,65,773,1,3,1,6,8,9,3,31,9,33,2,25,5,38,3,24,4,9,25,50,621,171,6179,4606,1573,7,11,-,-,229,4155,21,21,8,66,25,93,139,289,42,928,70,368,1,1,2,10,11,12,5,30,18,61,2,26,6,44,3,16,4,8,28,40,625,159,6018,4469,1549,6,11,-,-,226,4157,27,27,11,71,28,93,116,263,53,765,70,346,1,2,3,11,14,18,6,23,14,100,2,26,6,35,3,15,5,9,34,46,635,157,5922,4316,1606,7,13,-,-,238,4122,24,24,9,85,29,89,114,259,51,786,70,261,1,2,4,11,22,23,4,11,11,97,2,27,8,36,3,6,6,10,32,60,628,167,5509,4170,1339,7,12,-,-,224,4033,34,34,6,80,20,42,105,225,63,522,74,273,1,1,3,7,15,17,7,36,14,94,2,27,8,38,3,6,9,13,33,49
"동남구",병천면,809,286,5004,3151,1853,5,43,-,-,101,1463,-,-,-,-,27,116,178,455,42,93,194,690,17,38,4,27,31,86,18,351,23,120,4,54,23,1008,21,184,31,127,90,149,988,328,5401,3402,1999,8,38,-,-,120,1384,10,10,3,10,47,161,227,477,85,106,189,563,22,45,5,30,43,90,25,322,36,138,4,56,21,1483,21,265,30,85,92,138,1020,340,4927,3091,1836,10,47,-,-,128,1340,20,20,2,8,52,203,235,492,76,108,195,578,23,42,5,33,50,116,23,277,25,65,5,57,19,967,21,359,29,64,102,151,1026,340,4987,3138,1849,10,46,-,-,132,1302,29,29,2,6,49,213,221,461,79,105,196,618,22,34,5,28,56,118,27,300,25,59,4,58,19,1059,21,320,32,85,97,146,1043,356,4983,3075,1908,9,50,-,-,128,1238,34,34,3,7,54,216,230,433,74,105,197,650,21,41,5,29,58,116,24,316,28,58,5,68,19,1065,21,335,29,73,104,149
"동남구",동면,226,61,2645,2136,509,2,13,-,-,111,2178,4,4,1,44,8,79,23,67,13,19,25,60,1,3,2,9,2,2,2,46,1,3,2,14,4,46,5,36,4,5,16,17,351,101,2691,2129,562,3,4,-,-,141,2199,51,52,2,52,8,58,36,72,48,62,21,49,3,5,2,8,4,4,0,0,3,14,2,15,4,45,5,33,0,0,18,19,441,136,2737,2124,613,4,18,-,-,141,2100,121,124,2,36,12,105,39,84,47,52,25,66,2,3,2,7,5,5,-,-,3,8,2,17,4,47,5,37,2,3,25,25,515,153,2667,2046,621,5,19,-,-,136,1954,172,172,2,35,13,87,44,69,73,77,25,61,2,3,2,7,4,4,-,-,5,48,2,16,4,42,5,47,2,2,19,24,541,171,2802,2179,623,7,21,-,-,124,1972,184,184,4,44,13,110,52,103,79,89,26,64,2,3,1,6,7,11,-,-,5,44,2,16,4,50,4,45,3,4,24,36
"동남구",중앙동,2348,1161,5480,2509,2971,-,-,-,-,165,326,-,-,1,4,39,208,998,1812,51,388,515,915,10,89,19,88,54,101,41,119,38,125,2,23,51,194,51,652,52,103,261,333,2842,1301,5440,2664,2776,-,-,-,-,185,364,-,-,2,8,227,338,1110,1710,134,398,532,794,13,105,20,94,83,147,51,137,48,119,2,28,51,169,54,615,53,85,277,329,2670,1209,5232,2603,2629,-,-,-,-,178,330,-,-,2,6,240,319,1002,1575,87,389,508,794,17,109,19,93,91,144,50,136,42,118,2,32,54,192,51,588,54,85,273,322,2610,1195,4945,2334,2611,1,2,-,-,189,355,-,-,2,5,244,331,984,1476,81,217,492,765,22,96,16,91,84,143,46,110,54,145,2,33,46,175,50,634,50,74,247,293,2482,1129,5019,2452,2567,2,3,-,-,166,316,-,-,2,4,236,324,919,1391,79,168,464,750,22,64,15,97,71,113,41,97,81,547,2,28,46,137,48,602,46,81,242,297
"동남구",문성동,573,256,2418,1145,1273,1,1,-,-,38,94,-,-,1,2,21,69,144,303,24,63,111,201,19,194,6,105,31,69,22,91,26,95,3,202,27,448,22,358,18,30,59,93,700,290,2628,1232,1396,1,1,-,-,47,104,-,-,2,4,42,104,196,337,32,66,116,173,22,202,5,95,43,66,25,91,34,96,3,269,31,485,20,359,20,43,61,133,667,279,2455,1215,1240,1,1,-,-,45,97,-,-,1,3,46,123,175,299,33,59,103,158,21,191,5,90,50,79,26,83,28,78,3,287,32,435,20,347,19,41,59,84,695,287,2469,1136,1333,1,1,-,-,41,99,-,-,1,2,44,92,162,258,46,70,101,176,22,137,6,92,62,101,26,90,31,75,3,280,41,518,24,345,17,32,67,101,748,330,2562,1153,1409,1,1,-,-,33,79,-,-,1,3,42,82,196,307,51,75,104,184,23,123,5,85,56,92,32,97,37,97,3,286,48,512,25,404,14,29,77,106
"동남구",원성1동,909,322,4228,2294,1934,2,61,-,-,53,191,1,2,2,7,67,433,214,582,92,149,191,637,8,17,14,102,21,55,24,74,21,397,3,51,25,621,25,462,21,150,125,237,1163,392,4531,2445,2086,2,37,-,-,69,204,2,2,2,7,122,487,278,614,109,150,212,601,14,34,17,103,43,110,34,92,42,555,3,67,26,599,26,466,24,156,138,247,1208,409,4732,2580,2152,2,61,-,-,68,203,3,3,1,6,130,615,295,657,110,167,216,585,15,29,16,183,47,96,32,78,35,482,3,51,28,607,27,486,24,151,156,272,1194,402,4497,2413,2084,2,61,-,-,71,201,3,3,1,6,133,615,290,588,106,126,214,546,12,16,13,165,41,88,31,79,35,416,3,71,31,608,29,508,22,145,157,255,1236,433,5071,2636,2435,2,73,-,-,68,236,5,5,-,-,126,622,305,669,114,178,213,634,11,15,16,212,44,74,36,102,34,346,4,80,28,551,33,801,26,151,171,322
"동남구",원성2동,889,324,3010,1598,1412,-,-,-,-,54,142,-,-,2,7,74,534,223,546,82,87,155,366,3,4,18,322,30,53,15,55,30,210,3,47,21,163,28,246,22,39,129,189,1324,439,3051,1694,1357,-,-,-,-,67,126,1,1,2,5,322,567,308,621,95,103,159,297,5,10,24,326,41,56,32,77,52,230,3,48,23,113,27,242,24,32,139,197,1337,443,3104,1713,1391,-,-,-,-,75,149,1,1,3,6,340,563,306,611,93,102,150,253,6,11,19,275,46,71,37,86,45,200,3,50,21,200,26,263,28,59,138,204,1351,439,2882,1568,1314,-,-,-,-,76,135,-,-,5,11,367,519,288,514,92,97,153,300,8,18,20,264,43,52,38,91,44,165,3,50,20,160,26,274,23,40,145,192,1331,450,2739,1472,1267,-,-,-,-,61,103,1,1,3,4,384,540,293,502,91,93,138,299,7,11,18,210,44,52,37,72,34,157,3,50,17,135,27,287,28,41,145,182
"동남구",봉명동,1416,531,6898,3378,3520,-,-,-,-,92,309,-,-,-,-,94,571,360,878,152,397,233,589,9,27,9,61,69,137,41,206,52,443,2,20,45,541,41,2321,25,37,192,361,1782,651,6989,3389,3600,-,-,-,-,112,296,-,-,2,3,166,551,491,954,168,352,241,525,13,21,12,71,96,173,57,233,94,436,2,19,49,523,38,2412,23,30,218,390,1813,659,7154,3371,3783,-,-,-,-,116,303,1,1,4,7,176,585,496,951,177,406,252,541,14,20,12,81,89,345,60,239,79,207,2,24,53,530,35,2470,26,44,221,400,1801,670,7335,3395,3940,-,-,-,-,109,282,3,3,3,7,192,579,500,985,177,414,240,532,18,30,12,63,88,373,61,232,74,214,2,27,46,544,37,2682,26,40,213,328,1801,661,7837,3827,4010,1,7,-,-,97,269,1,1,4,6,196,787,512,987,180,432,235,533,19,25,11,54,79,562,69,274,66,210,2,25,56,544,36,2713,27,39,210,369
"동남구",일봉동,1313,451,4336,2509,1827,-,-,-,-,140,442,-,-,2,180,99,371,323,651,166,209,123,301,3,9,6,102,48,147,31,100,31,524,2,47,94,633,36,265,29,54,180,301,1702,602,4400,2513,1887,1,1,-,-,159,456,-,-,2,234,181,354,463,797,170,220,138,274,15,26,7,99,68,161,48,116,70,415,2,48,119,591,32,245,32,69,195,294,1735,605,4632,2632,2000,1,5,-,-,160,456,-,-,3,227,173,384,483,840,176,222,148,287,19,45,7,102,75,168,51,125,62,357,2,51,123,648,33,395,37,77,182,243,1773,641,4413,2499,1914,1,2,-,-,161,442,-,-,3,230,192,329,448,708,199,282,148,300,28,63,9,108,75,168,52,117,69,434,2,51,126,603,30,265,39,65,191,246,1877,739,4742,2383,2359,1,2,-,-,158,478,-,-,3,234,187,352,553,822,202,316,147,325,28,52,11,138,74,152,52,125,59,126,2,47,131,612,31,647,38,67,200,247
"동남구",신방동,3095,1149,11859,6428,5431,-,-,-,-,206,782,2,3,7,126,176,1060,801,2391,303,984,510,1574,18,88,16,128,136,378,83,397,72,820,2,41,193,1004,121,957,128,307,321,819,4411,1592,12345,6854,5491,-,-,-,-,290,837,8,8,9,104,386,1195,1251,2544,502,1224,543,1223,43,115,24,142,204,483,146,568,136,825,2,39,234,975,121,1038,128,253,384,772,4356,1520,12982,7420,5562,-,-,-,-,290,836,7,10,9,123,414,1440,1174,2511,524,1431,515,1259,49,109,26,175,219,516,149,578,118,971,2,43,235,954,123,1008,127,236,375,782,4496,1589,12732,7222,5510,-,-,-,-,304,881,11,13,10,133,425,1512,1207,2515,562,803,500,1368,49,103,28,166,221,546,150,595,124,1083,2,43,244,949,129,969,134,279,396,774,4539,1611,12885,7117,5768,-,-,-,-,260,728,9,9,7,128,441,1457,1208,2461,564,810,505,1458,53,120,32,178,222,588,161,676,132,1160,2,40,256,938,122,1006,134,276,431,852
"동남구",청룡동,3455,1214,18072,10107,7965,2,34,-,-,121,788,3,31,8,43,217,1587,689,2395,529,1522,539,1841,18,292,36,606,162,565,249,1177,68,1323,9,991,169,1373,150,2439,99,281,387,784,6053,1893,23887,14938,8949,4,14,-,-,181,890,13,49,8,50,1641,6787,1056,2479,736,1587,616,1590,49,307,47,572,249,536,325,1372,160,1530,11,1071,227,1354,164,2577,123,253,443,869,6422,2069,23204,14279,8925,3,10,-,-,194,927,14,107,7,13,1790,5584,1169,2741,759,1738,627,1698,59,275,45,611,272,592,356,1541,139,1454,11,1056,242,1324,164,2466,119,253,452,814,6853,2213,22613,13209,9404,3,81,-,-,203,893,12,115,8,16,1922,3884,1233,2930,806,1704,641,1891,65,270,52,627,288,686,390,1601,162,1893,11,1128,261,1379,164,2391,133,300,499,824,7197,2385,23369,13652,9717,3,29,-,-,196,831,15,122,10,33,1972,4147,1353,2874,814,1808,653,1966,72,295,57,701,316,679,406,1489,174,2046,11,1102,304,1502,172,2575,140,284,529,886
"동남구",신안동,3886,1748,21485,9361,12124,-,-,-,-,91,207,-,-,2,3,56,314,1129,3515,253,645,1005,3511,39,226,68,1033,153,495,105,549,95,1455,3,78,169,4858,165,3217,163,513,390,866,5020,2150,20573,9404,11169,2,2,-,-,116,283,8,8,6,11,278,572,1525,3237,300,787,1083,2847,69,168,75,769,270,668,171,553,145,1353,3,76,190,4776,159,3228,182,431,438,804,5091,2083,22268,9833,12435,2,5,-,-,131,381,7,8,4,8,319,661,1484,3522,302,793,1088,2948,81,183,87,952,269,637,177,550,146,1443,3,85,204,4814,166,4141,180,377,441,760,5106,2119,21634,9841,11793,4,13,-,-,128,388,6,6,3,7,333,630,1464,3589,293,574,1098,3323,73,208,87,899,272,578,190,663,140,1060,3,81,212,4684,171,3863,169,334,460,734,5217,2125,20688,9219,11469,5,7,-,-,109,267,9,9,2,7,329,669,1529,3600,319,492,1098,3258,82,236,89,1038,285,526,182,570,137,910,3,79,215,3707,171,4171,163,365,490,777
"서북구",소계,29773,11573,177193,104745,72448,19,166,1,1,3529,60315,12,140,60,671,974,7434,6699,21667,2441,5995,5778,18185,179,1535,295,3158,1437,3824,756,5453,680,10258,47,3511,1604,12350,1160,13067,1018,2844,3084,6619,40740,15543,188043,112993,75050,54,223,1,1,4767,65523,149,279,68,682,2244,8585,10035,22731,2997,6215,6556,15748,402,1819,375,3013,2401,5106,1262,6341,1368,12391,47,3556,1994,12157,1219,14503,1140,2330,3661,6840,41227,15623,193085,114735,78350,57,236,1,1,4727,65895,203,366,68,708,2303,9197,10032,23639,3243,6719,6492,15946,470,2182,392,3106,2444,5266,1339,6545,1240,12650,49,3868,2147,12579,1255,15447,1140,2328,3625,6407,43047,16380,196190,116559,79631,64,274,2,2,4988,64865,264,428,74,727,2425,9796,10354,23139,3468,6958,6631,17538,590,2192,379,3084,2527,5354,1388,7182,1288,11930,51,4334,2240,12838,1315,16108,1184,2744,3815,6697,44413,17184,193429,113739,79690,70,314,2,2,4584,62856,395,568,77,700,2491,9071,11131,23206,3480,7339,6633,17897,704,2179,395,3043,2621,5497,1461,7409,1407,10409,51,4141,2397,13537,1274,15686,1198,2652,4042,6923
"서북구",성환읍,2699,898,13537,8878,4659,8,52,-,-,648,6379,1,1,15,89,90,317,637,1701,260,533,420,1002,13,87,17,119,84,159,36,298,48,133,3,56,60,1634,74,490,59,121,226,366,3398,1103,14306,9480,4826,14,49,-,-,800,6874,50,56,17,88,152,336,844,1761,294,508,433,837,17,64,20,120,138,274,56,337,97,315,3,77,67,1595,75,516,65,105,256,394,3433,1132,14248,9475,4773,16,54,-,-,781,6790,88,97,18,106,164,331,828,1758,306,492,427,770,21,84,18,113,149,253,60,338,89,368,3,71,70,1558,74,589,67,101,254,375,3495,1141,14713,9691,5022,22,101,-,-,833,7074,127,129,18,106,166,412,789,1667,322,543,418,800,27,78,17,109,162,275,57,357,85,340,3,72,62,1572,75,624,62,99,250,355,3579,1201,14579,9515,5064,24,105,-,-,774,6741,223,223,21,86,159,433,813,1643,316,577,417,841,34,88,17,113,164,267,54,357,89,298,3,72,67,1565,74,684,66,105,264,381
"서북구",성거읍,1683,517,13718,9618,4100,1,10,-,-,399,8001,1,4,8,100,59,511,321,1077,221,631,248,728,4,22,13,85,44,76,12,121,29,354,5,587,50,515,59,386,42,82,167,428,2378,669,16502,11652,4850,8,31,-,-,521,9945,15,20,9,105,121,857,523,1214,344,649,260,641,20,52,13,61,77,129,27,168,74,608,5,597,67,486,58,442,48,75,188,422,2395,687,17139,12100,5039,8,35,-,-,512,10664,20,22,10,109,121,779,519,1258,358,701,261,623,20,63,13,59,80,133,30,184,73,512,5,617,72,474,62,483,50,77,181,346,2439,689,16471,11386,5085,6,33,-,-,533,9452,29,31,11,120,125,734,516,1276,377,738,264,710,23,60,11,59,88,144,30,166,71,383,6,709,68,673,63,755,44,75,174,353,2442,714,16199,10960,5239,9,36,-,-,489,9478,24,26,13,126,128,403,545,1349,378,774,265,700,22,38,13,66,87,140,30,161,73,343,6,701,70,625,55,791,43,74,192,368
"서북구",직산읍,2324,651,20385,15121,5264,-,-,-,-,895,14687,1,2,13,105,69,590,390,1380,190,318,284,801,20,73,7,65,77,180,46,407,37,275,5,357,49,295,48,543,42,88,151,219,3196,866,21982,16213,5769,3,3,-,-,1244,15679,15,18,12,90,155,709,580,1573,213,340,318,727,42,132,10,65,125,227,73,434,85,361,4,503,51,265,48,558,45,69,173,229,3242,853,22636,16609,6027,6,15,-,-,1254,16146,21,23,11,97,156,798,571,1484,234,339,322,785,40,85,9,89,135,234,75,431,77,379,4,542,54,247,47,593,53,85,173,264,3326,888,22889,16902,5987,6,15,-,-,1315,16067,19,21,12,102,176,842,553,1437,238,336,337,794,39,64,8,73,149,237,75,847,74,301,4,544,50,248,53,619,48,84,170,258,3300,903,22625,16604,6021,10,27,-,-,1189,15577,43,44,12,99,195,839,587,1490,235,355,329,840,38,82,11,65,149,273,66,850,82,367,4,403,59,324,53,622,50,86,188,282
"서북구",입장면,1105,335,10929,8021,2908,7,95,-,-,359,7579,2,2,3,7,54,331,185,550,85,392,187,441,3,7,8,46,25,41,17,511,15,478,3,33,15,118,26,130,22,38,89,130,1583,459,11953,8951,3002,14,116,-,-,474,7954,31,31,4,8,121,349,318,781,114,375,205,382,6,11,10,47,58,87,31,540,33,644,3,30,17,113,27,143,25,33,92,309,1571,452,11473,8475,2998,12,104,-,-,471,7624,32,32,4,5,114,337,291,818,144,456,199,381,6,10,9,52,56,76,32,554,35,599,3,33,15,95,27,154,28,33,93,110,1646,465,11829,8706,3123,12,97,-,-,501,8006,49,49,5,14,115,360,302,738,149,276,202,413,8,12,12,59,54,76,30,558,33,604,4,57,17,105,28,168,29,106,96,131,1627,469,11438,8334,3104,9,112,-,-,481,7382,55,62,4,16,109,346,315,753,149,484,191,419,13,16,12,57,55,81,25,660,39,516,4,58,17,104,29,160,28,101,92,111
"서북구",성정1동,1584,642,4741,2549,2192,-,-,-,-,79,199,-,-,2,3,74,347,395,916,135,355,356,833,7,21,17,172,52,159,37,130,62,375,3,87,30,186,39,392,67,131,229,435,2079,781,5016,2835,2181,-,-,-,-,120,275,2,2,1,4,179,497,545,947,153,325,401,777,13,31,21,172,89,200,58,232,100,404,3,92,33,171,40,394,76,115,245,378,1981,729,4682,2584,2098,-,-,-,-,108,204,2,2,1,1,162,386,518,887,138,307,384,670,16,28,20,157,94,200,59,157,87,465,3,104,38,195,42,457,78,109,231,353,2038,766,4875,2783,2092,1,1,-,-,103,205,2,2,1,1,181,392,531,878,162,540,372,726,37,73,18,146,95,196,53,176,91,337,3,90,38,181,47,498,73,121,230,312,2037,787,4798,2704,2094,1,1,-,-,96,182,2,6,1,1,156,345,531,847,156,551,371,694,54,125,16,109,104,185,67,229,106,380,3,104,37,170,49,493,63,107,224,269
"서북구",성정2동,2901,1168,13125,6484,6641,-,-,1,1,116,661,-,-,3,15,131,890,650,2305,178,377,765,2433,17,235,38,664,142,283,84,410,108,1549,5,194,63,365,94,1524,116,326,390,893,3912,1505,12827,6325,6502,1,1,-,-,151,635,4,4,6,10,239,615,945,2180,226,386,925,2013,33,270,54,533,247,399,131,386,194,1782,5,199,70,337,101,1999,126,236,454,842,3775,1442,12467,5965,6502,1,2,-,-,151,555,3,3,2,6,239,808,876,2089,252,430,892,2073,28,227,61,532,245,507,136,420,149,1299,5,208,71,411,107,1913,111,198,446,786,3914,1481,12128,5806,6322,-,-,-,-,163,553,3,3,2,3,236,681,904,2018,274,485,921,2121,44,73,53,535,253,459,127,411,173,1330,5,220,76,357,110,1933,108,184,462,762,3985,1504,11466,5758,5708,2,5,-,-,140,479,3,3,1,4,257,651,978,1994,270,458,884,2029,53,87,53,545,253,410,123,388,192,1392,5,236,88,368,100,1426,115,235,468,756
"서북구",쌍용1동,1613,685,6478,2801,3677,-,-,-,-,52,180,-,-,-,-,43,293,393,1254,163,229,388,1102,8,95,24,236,54,115,30,172,24,362,1,22,62,354,77,1508,87,164,207,392,1952,814,6421,2839,3582,-,-,-,-,71,177,4,4,-,-,90,276,493,1213,165,266,432,982,16,106,33,224,84,154,39,150,52,359,1,16,64,277,75,1633,91,120,242,464,1962,803,6330,2819,3511,-,-,-,-,75,164,6,8,-,-,96,251,487,1163,164,230,426,997,18,117,30,218,92,171,46,166,49,486,1,15,65,224,73,1605,84,116,250,399,1996,809,8035,4188,3847,-,-,-,-,73,198,5,5,-,-,99,1538,500,1194,180,255,421,1138,21,125,25,278,88,182,52,207,46,376,1,16,66,240,70,1671,91,147,258,465,2007,826,6654,2976,3678,-,-,-,-,60,134,9,20,-,-,102,468,503,1136,179,253,444,1067,20,137,24,228,90,216,51,219,48,249,1,17,65,222,69,1719,90,120,252,449
"서북구",쌍용2동,2063,883,8166,3324,4842,-,-,-,-,68,195,-,-,-,-,78,380,427,1371,243,317,392,1140,14,46,29,247,111,418,49,239,38,314,2,42,143,1565,133,1235,75,169,261,488,2826,1195,8082,3657,4425,2,3,-,-,102,242,-,-,-,-,168,431,708,1440,308,405,436,975,34,76,44,238,141,368,90,316,80,338,2,49,175,1385,135,1172,91,165,310,479,2789,1189,8153,3645,4508,2,2,-,-,96,196,-,-,2,2,171,398,688,1453,326,551,410,917,34,78,38,257,138,321,87,262,72,372,2,48,190,1452,136,1271,90,141,307,432,2907,1248,7943,3484,4459,2,2,-,-,107,216,-,-,2,2,172,327,740,1399,328,445,416,976,39,69,31,216,143,322,92,243,66,344,2,47,208,1389,140,1317,93,163,326,466,2986,1299,7944,3474,4470,1,1,-,-,103,230,-,-,2,2,179,303,783,1466,350,434,424,987,41,77,33,261,149,328,92,281,75,279,2,51,203,1338,137,1314,88,133,324,459
"서북구",쌍용3동,779,349,2474,1003,1471,-,-,-,-,17,40,-,-,-,-,19,72,134,351,114,122,126,347,5,9,7,61,34,96,14,45,4,10,2,56,117,619,59,423,32,80,95,143,1030,469,2586,1037,1549,1,1,-,-,26,47,1,1,-,-,53,98,221,387,110,112,146,312,11,19,10,64,48,106,27,52,20,28,2,58,144,576,63,495,35,78,112,152,1084,483,2678,1128,1550,1,3,-,-,29,56,1,5,-,-,48,108,246,401,140,207,142,306,15,22,8,51,54,126,27,44,19,23,2,63,137,567,65,499,39,65,111,132,1093,494,2760,1211,1549,1,1,-,-,36,112,2,16,1,1,50,113,238,413,144,206,140,293,13,20,7,55,58,132,32,69,17,28,2,67,135,528,65,484,41,80,111,142,1161,536,2636,1087,1549,1,2,-,-,29,99,3,17,1,1,63,124,296,420,131,140,141,291,14,20,7,55,61,130,28,56,22,30,2,58,138,499,60,475,39,73,125,146
"서북구",백석동,2229,843,15227,8746,6481,-,-,-,-,266,5822,-,-,8,209,60,416,494,1792,179,268,359,1197,32,578,16,157,100,260,87,577,56,669,2,45,175,999,107,1342,56,303,232,593,3082,1204,17154,9791,7363,3,4,-,-,369,6954,4,4,9,213,136,569,800,2065,207,327,375,1117,56,592,21,152,182,405,143,630,108,834,2,47,215,975,110,1407,67,272,275,587,3179,1272,18074,9887,8187,3,3,-,-,347,6770,5,6,9,226,149,610,869,2568,226,390,382,1107,69,871,23,145,196,454,145,733,93,825,1,23,218,1007,110,1461,64,267,270,608,3228,1301,17537,10024,7513,4,7,-,-,359,6784,4,4,9,196,143,718,894,2126,248,378,377,1135,61,887,21,111,182,379,151,734,103,913,1,26,222,955,112,1322,71,312,266,550,3305,1375,18731,10878,7853,2,8,-,-,330,6639,6,6,7,191,147,1747,942,2105,246,360,370,1213,65,654,27,144,184,364,155,783,106,1021,1,23,243,1229,105,1309,73,293,296,642
"서북구",불당동,4011,2045,19780,8109,11671,-,-,-,-,47,297,1,34,-,-,60,685,1109,3237,178,314,990,3499,12,115,49,665,301,732,104,726,56,1506,7,1415,479,2839,183,2531,134,467,301,718,5820,2896,20881,8944,11937,1,1,1,1,101,462,5,24,-,-,225,718,1690,3088,214,335,1176,2989,66,174,60,690,520,1001,207,995,123,2033,8,1288,647,3106,207,2840,153,337,416,799,-,-,-,-,-,-,-,-,-,-,-,-,-,-,-,-,-,-,-,-,-,-,-,-,-,-,-,-,-,-,-,-,-,-,-,-,-,-,-,-,-,-,-,-,-,-,-,-,-,-,-,-,-,-,-,-,-,-,-,-,-,-,-,-,-,-,-,-,-,-,-,-,-,-,-,-,-,-,-,-,-,-,-,-,-,-,-,-,-,-,-,-,-,-,-,-,-,-,-,-,-,-,-,-,-,-,-,-,-,-,-,-,-,-,-,-,-,-,-,-,-,-,-,-,-,-,-,-,-
"서북구",불당1동,-,-,-,-,-,-,-,-,-,-,-,-,-,-,-,-,-,-,-,-,-,-,-,-,-,-,-,-,-,-,-,-,-,-,-,-,-,-,-,-,-,-,-,-,-,-,-,-,-,-,-,-,-,-,-,-,-,-,-,-,-,-,-,-,-,-,-,-,-,-,-,-,-,-,-,-,-,-,-,-,-,-,-,-,-,-,3276,1521,12939,5792,7147,2,2,1,1,69,164,3,47,-,-,198,615,1119,2341,136,167,564,1469,53,162,32,297,201,485,125,518,77,1937,8,1575,340,1549,81,1119,74,148,193,343,3408,1590,13290,6098,7192,2,2,1,1,76,157,1,41,1,2,195,607,1218,2430,160,179,540,1709,72,201,33,305,194,462,139,654,74,1904,8,1799,323,1464,84,809,74,161,213,403,3517,1627,11988,5491,6497,-,-,-,-,62,167,2,43,-,-,212,506,1284,2401,172,230,538,1786,70,195,29,256,191,440,141,435,80,866,8,1714,346,1548,82,839,69,139,231,423
"서북구",불당2동,-,-,-,-,-,-,-,-,-,-,-,-,-,-,-,-,-,-,-,-,-,-,-,-,-,-,-,-,-,-,-,-,-,-,-,-,-,-,-,-,-,-,-,-,-,-,-,-,-,-,-,-,-,-,-,-,-,-,-,-,-,-,-,-,-,-,-,-,-,-,-,-,-,-,-,-,-,-,-,-,-,-,-,-,-,-,2831,1367,10104,3763,6341,-,-,-,-,46,215,3,3,-,-,48,134,564,1189,112,172,647,1803,42,114,36,424,304,565,126,563,39,134,1,2,384,1836,142,2248,102,262,235,440,3197,1515,11927,4672,7255,1,1,-,-,51,195,3,3,-,-,66,177,617,1366,134,243,726,2232,53,146,45,558,313,631,151,648,50,192,1,18,445,2092,156,2505,118,360,267,560,3527,1688,12959,5095,7864,1,1,-,-,68,221,3,3,1,1,72,235,746,1489,140,207,719,2344,66,192,46,518,325,705,188,810,65,300,1,17,477,2347,155,2528,122,318,332,723
"서북구",부성1동,3195,1125,19239,11612,7627,1,5,-,-,331,3217,-,-,6,136,123,1343,873,3097,246,1373,443,1357,25,152,29,225,188,772,106,988,116,2352,3,389,133,1430,102,948,105,353,365,1102,4481,1578,20993,12859,8134,2,7,-,-,436,3586,10,12,6,154,247,1714,1286,3186,375,1463,497,1205,46,143,33,169,308,1003,203,1226,212,2736,3,380,142,1351,115,1225,118,342,442,1091,4553,1646,21010,12694,8316,2,8,-,-,428,3319,9,9,7,142,259,1495,1316,3179,397,1552,491,1168,60,179,41,200,303,984,194,1190,190,3056,3,347,172,1439,115,1276,117,354,449,1113,4922,1866,21175,12709,8466,4,7,-,-,461,3242,9,9,8,170,278,1472,1401,3158,406,1532,524,1216,83,202,42,157,343,1090,194,1196,221,3038,3,409,186,1441,128,1261,136,416,495,1159,5195,1975,21615,12692,8923,6,9,-,-,428,3282,13,14,10,163,277,1328,1519,3334,395,1692,543,1409,105,238,44,138,394,1245,209,1268,242,2835,3,430,214,1410,126,1255,140,451,527,1114
"서북구",부성2동,3587,1432,29394,18479,10915,2,4,-,-,252,13058,6,97,2,7,114,1259,691,2636,249,766,820,3305,19,95,41,416,225,533,134,829,87,1881,6,228,228,1431,159,1615,181,522,371,712,5003,2004,29340,18410,10930,5,7,-,-,352,12693,8,103,4,10,358,1416,1082,2896,274,724,952,2791,42,149,46,478,384,753,177,875,190,1949,6,220,302,1520,165,1679,200,383,456,694,5156,2047,31152,19799,11353,4,8,-,-,360,13028,10,109,4,14,378,2147,1140,3051,310,725,945,2877,48,142,54,512,397,757,197,985,191,2195,8,220,321,1525,174,1779,183,372,432,706,5438,2127,30618,18899,11719,3,7,1,1,377,12604,11,115,4,10,423,1423,1151,3039,346,802,973,3275,70,182,56,423,405,769,205,916,184,1840,8,260,344,1593,184,2142,196,436,497,781,5745,2280,29797,18171,11626,4,7,2,2,335,12245,9,101,4,10,435,1343,1289,2779,363,824,997,3277,109,230,63,488,415,713,232,912,188,1533,8,257,373,1788,180,2071,212,417,527,800
