"행정구역별(1)",행정구역별(2),2019,2019,2019,2019,2019,2019,2020,2020,2020,2020,2020,2020,2021,2021,2021,2021,2021,2021,2022,2022,2022,2022,2022,2022,2023,2023,2023,2023,2023,2023,2024,2024,2024,2024,2024,2024
"행정구역별(1)",행정구역별(2),건물수 (동),연면적 (㎡),에너지사용량 (TOE),에너지사용량 (TOE),에너지사용량 (TOE),에너지사용량 (TOE),건물수 (동),연면적 (㎡),에너지사용량 (TOE),에너지사용량 (TOE),에너지사용량 (TOE),에너지사용량 (TOE),건물수 (동),연면적 (㎡),에너지사용량 (TOE),에너지사용량 (TOE),에너지사용량 (TOE),에너지사용량 (TOE),건물수 (동),연면적 (㎡),에너지사용량 (TOE),에너지사용량 (TOE),에너지사용량 (TOE),에너지사용량 (TOE),건물수 (동),연면적 (㎡),에너지사용량 (TOE),에너지사용량 (TOE),에너지사용량 (TOE),에너지사용량 (TOE),건물수 (동),연면적 (㎡),에너지사용량 (TOE),에너지사용량 (TOE),에너지사용량 (TOE),에너지사용량 (TOE)
"행정구역별(1)",행정구역별(2),소계,소계,소계,전기,도시가스,지역난방,소계,소계,소계,전기,도시가스,지역난방,소계,소계,소계,전기,도시가스,지역난방,소계,소계,소계,전기,도시가스,지역난방,소계,소계,소계,전기,도시가스,지역난방,소계,소계,소계,전기,도시가스,지역난방
"전국",소계,5238627,3218713467,33572203,17467388,13705834,2398981,5208393,3261897151,33186507,17197527,13518777,2470203,5219064,3363172239,34343898,17763102,13940209,2640586,5349051,3467238906,36362029,19114158,14449063,2798807,5464961,3578941022,35888375,19505367,13703969,2679040,5480986,3634273351,37275403,21114690,13456694,2704019
"서울특별시",소계,548392,548411687,7718897,3529254,3704100,485543,539438,551017511,7427578,3393817,3539057,494704,534469,566374800,7650243,3486021,3617731,546491,534918,574459513,7992270,3670541,3751052,570678,533135,581831800,7778944,3750717,3488041,540186,533546,582000729,7860566,3974955,3364568,521044
"서울특별시",종로구,23249,16138633,253976,131852,121325,799,23090,18255990,232213,124354,106947,912,22845,18551145,242240,125179,117061,0,22875,18662772,253765,130809,122955,0,22940,19013561,251942,133091,118851,0,23037,18945987,257045,141112,115933,0
"서울특별시",중구,15133,19428776,313620,179508,133606,506,14898,19382745,267146,160595,106080,471,14776,19714506,284864,159236,125619,10,14832,20498312,302312,168801,133501,10,14753,20715693,303838,172826,131012,0,14731,21024667,316223,185777,130446,0
"서울특별시",용산구,20499,15940897,218951,96744,109916,12291,20297,15979004,208989,91920,104394,12674,20154,16169577,218615,97661,108624,12330,20299,16556342,233134,108600,112223,12312,20344,16728644,234513,116338,105688,12488,20208,16966260,236843,123765,101122,11957
"서울특별시",성동구,16855,16975773,237289,119535,117706,48,16263,17026748,230173,116903,113228,42,15934,19130128,243564,121082,122439,44,15949,19235571,266973,142193,124731,48,15893,19468526,263587,145683,117904,0,15959,19406367,272450,158000,114450,0
"서울특별시",광진구,24291,16346316,254129,104030,150099,0,23980,16230439,241570,99487,142083,0,23861,16390039,249812,101388,148425,0,23977,16777719,261582,107131,154450,0,23916,16975415,253390,108717,144673,0,23917,17014090,253660,113490,140170,0
"서울특별시",동대문구,26017,17697863,240169,102809,137359,0,24899,17719168,230727,99214,131513,0,24359,17820851,237942,101233,136709,0,24415,18001523,246129,104912,141217,0,24463,18612823,240884,107936,132949,0,24487,18766051,244870,115753,129117,0
"서울특별시",중랑구,26811,20708497,217849,84633,125488,7727,26372,20781317,214707,83136,123569,8002,26005,21135754,221485,85057,127717,8711,26180,21596547,229608,87943,131774,9891,26173,21807483,221880,90469,122505,8906,26262,19154678,221811,94849,117736,9226
"서울특별시",성북구,31629,19926690,283941,112312,171629,0,30817,19891832,273340,108585,164755,0,30170,20599678,284753,112425,172327,0,30172,20881792,294464,116847,177617,0,30128,21246170,285593,119783,165810,0,29927,21233648,283995,124758,159237,0
"서울특별시",강북구,26174,12240458,189053,72588,116465,0,25898,12216305,184413,70493,113920,0,25668,12347966,184672,71168,113504,0,25764,12517799,193814,72385,121429,0,25774,12729213,181722,73324,108398,0,25619,12735242,180315,75115,105201,0
"서울특별시",도봉구,15318,15252404,184626,69623,106786,8217,15101,15239221,180611,67975,104225,8411,15023,15382610,181873,69253,104214,8405,15063,15548487,189882,70232,110913,8738,15087,15793122,177488,71074,98576,7837,15123,14066362,178215,74688,96135,7392
"서울특별시",노원구,12164,21880136,287182,118568,117296,51318,12051,21946783,280121,115829,110292,54001,11925,22230328,287763,119214,114605,53944,11787,22278160,297245,122859,118554,55832,11797,22459373,284395,123535,111453,49408,11751,22587836,279245,126664,107604,44978
"서울특별시",은평구,29162,19119746,280501,110727,154693,15081,28340,18999645,279345,108529,154726,16090,28205,19594094,284986,111247,157336,16404,28251,19939999,296432,117520,161766,17147,27553,20217407,283409,120711,147610,15089,27309,20295168,281115,125700,140892,14524
"서울특별시",서대문구,20892,16240388,238398,97227,134369,6802,20604,16216865,227967,92177,128986,6804,20142,16625283,230599,93319,129423,7857,20122,16746827,242290,98835,135528,7927,20158,17070114,238737,104727,126330,7680,20173,17383823,241371,110459,123333,7579
"서울특별시",마포구,23271,22699938,364079,170034,162864,31181,22942,22760116,342244,163826,147710,30708,22621,23134516,359112,168020,149218,41874,22744,23579442,378927,180614,155779,42534,22739,23913757,374944,186967,145139,42839,22788,24168293,380291,196943,141181,42167
"서울특별시",양천구,16976,20053445,279697,124058,99474,56165,16855,20080486,275513,121395,97143,56975,16869,20542764,281069,124853,98845,57371,16966,20869209,289701,128815,101165,59721,16982,21029595,276239,129597,92557,54086,17009,21132790,288563,148467,88514,51583
"서울특별시",강서구,24236,31797304,384058,174272,169529,40258,23890,32055399,381531,172681,168069,40781,23791,33375091,414424,178663,167615,68147,23781,34072270,439883,193130,174645,72108,23795,34559767,432147,201663,162722,67762,23904,35346198,445496,221892,158139,65465
"서울특별시",구로구,20426,21829176,311625,150478,157061,4086,20218,21897598,298737,141372,152355,5010,20157,22370152,305748,145825,154298,5625,20179,22655760,317734,153009,158724,6001,20176,23104436,310599,155461,149547,5591,20181,23155865,307017,158655,143038,5325
"서울특별시",금천구,14618,16058656,207727,112079,94901,748,14428,16158799,204472,109685,93931,856,14358,16698662,210606,114252,95608,746,14398,17027455,219362,119997,98570,795,14378,17398417,214819,122119,92022,678,14461,18411686,219868,130588,88631,649
"서울특별시",영등포구,23648,27543933,394572,201677,174983,17912,23335,27555875,381232,193513,169731,17988,23025,29109153,393164,198560,176138,18466,23017,29603724,423486,206045,198375,19066,22913,29899864,396636,209103,170742,16791,22922,30311377,408636,226628,165062,16946
"서울특별시",동작구,23225,17531938,260815,102574,157319,922,22945,17537824,252269,96652,155590,27,22690,17716653,251212,98242,152938,32,22232,17872986,258186,99867,158287,32,21402,17785810,243721,100604,143118,0,21072,18024057,242738,105335,137403,0
"서울특별시",관악구,31723,20657915,336828,136645,200183,0,31442,21932816,331238,132726,198511,0,31299,22230193,332763,136043,196643,78,31271,22374800,343532,139906,203545,81,31178,22466306,327059,141810,185249,0,31236,21484936,325350,146250,179100,0
"서울특별시",서초구,17079,32922373,486451,252454,194992,39005,16721,32526556,465418,241413,184546,39459,16686,32824535,464529,242700,181974,39854,16447,33062323,471722,247243,182800,41679,16327,33187971,465398,252890,172353,40155,16476,34023598,470323,264215,164942,41165
"서울특별시",강남구,22999,48304549,714604,368648,255985,89970,22628,48046040,685653,355113,238714,91826,22464,48871036,696833,364645,236446,95742,22602,49321162,715429,378713,235687,101029,22635,50097327,704121,382513,227033,94575,23092,50997973,705761,401980,216279,87502
"서울특별시",송파구,23077,38277735,515867,233056,192403,90407,22826,37671939,503372,226002,185186,92184,22727,38819901,516110,236444,185492,94175,22846,39622421,533979,246403,190660,96916,22859,40046794,521949,248894,179058,93997,22984,38967842,524629,263799,170155,90675
"서울특별시",강동구,18922,22838149,262890,103122,147668,12100,18599,22908001,254580,100242,142853,11484,18716,24990185,271503,110313,144513,16676,18750,25156111,292701,127733,146157,18811,18773,25504211,289932,130886,136744,22303,18918,26395938,294736,140075,130748,23913
"부산광역시",소계,269583,208169832,1918711,1045950,844248,28513,264698,210366992,1898057,1025440,844091,28526,261265,215138053,1951907,1043425,878872,29610,261826,219559819,2012441,1088002,893617,30823,261376,227000236,1996359,1112345,855638,28376,258755,225463198,2054272,1189999,835400,28872
"부산광역시",중구,7260,3873006,43574,29350,14224,0,7205,3916003,40298,27010,13289,0,7153,4018141,40171,26612,13559,0,7159,4053360,41322,27379,13944,0,7166,4071498,41603,27714,13889,0,6998,4006089,42166,28716,13450,0
"부산광역시",서구,11477,5819577,56327,29477,26850,0,11380,5890806,55234,29171,26063,0,11217,6021734,56765,29753,27012,0,11163,6406561,57808,30483,27325,0,11207,6514827,59564,32332,27232,0,10971,6987185,65935,38636,27299,0
"부산광역시",동구,11842,5439919,54525,32696,21829,0,11770,5552000,53549,31858,21691,0,11729,5968473,54204,31554,22650,0,11750,6301694,57073,33475,23598,0,11776,6396958,56843,33530,23313,0,11443,6808055,60882,37263,23618,0
"부산광역시",영도구,15397,5944492,54677,29686,24991,0,15210,5968871,54491,29184,25307,0,15052,6014532,55985,29373,26613,0,15027,6200862,58322,31233,27089,0,14837,6119289,56647,31060,25587,0,14334,6216222,58282,32775,25507,0
"부산광역시",부산진구,29239,22126222,225999,131074,94924,0,28275,22274208,222155,127759,94396,1,27330,22962235,228394,129343,99051,0,26939,23116554,234804,135109,99695,0,26744,23640541,231893,136284,95608,0,26180,23308791,234001,141053,92948,0
"부산광역시",동래구,19637,17848512,137547,70773,66774,0,19200,18058319,137834,70009,67825,0,18964,18195573,141992,70702,71290,0,18928,18495890,146968,74936,72032,0,18885,19077164,146970,77709,69261,0,18610,19195592,149690,82396,67295,0
"부산광역시",남구,21652,15665516,151668,82793,68874,0,20467,15317665,148962,80956,68006,0,20038,15428876,152471,82262,70179,30,19801,15331594,151961,81399,70527,35,18963,15951430,147025,80030,66969,27,18069,16054553,150973,85686,65278,10
"부산광역시",북구,12328,14886514,145111,69617,75494,0,12182,14875733,145260,69040,76220,0,12082,15222445,147203,69107,78096,0,12072,15289976,149601,70638,78963,0,12065,15411103,144441,71150,73291,0,12063,14681891,143161,73448,69714,0
"부산광역시",해운대구,17602,30636675,250959,130482,105896,14581,17455,31317756,245838,127738,104342,13758,17339,31585598,255236,131130,109199,14908,17357,31965928,265001,137300,111986,15716,17386,32170198,259798,138150,107076,14572,17882,28584411,265397,144956,104962,15479
"부산광역시",사하구,24348,16681523,161415,82989,78426,0,23999,16709779,160946,82030,78916,0,23476,16943069,163803,82967,80836,0,23494,17168932,166161,84127,82035,0,23438,17504336,161816,84633,77183,0,22955,17532182,159924,87158,72766,0
"부산광역시",금정구,23268,13491702,143137,79079,64059,0,22971,13506034,141012,77489,63522,0,22629,13593859,143424,78134,65290,0,22580,13732514,146817,80958,65859,0,22506,13838631,140089,79837,60252,0,22076,13748398,141656,82966,58690,0
"부산광역시",강서구,18415,11397607,81054,59410,21644,0,18237,11804754,80009,58184,21825,0,18287,12666714,84934,61384,23550,0,19119,14049966,85951,61294,24657,0,19499,14508417,88863,64027,24836,0,20064,15903946,115780,90336,25444,0
"부산광역시",연제구,15021,11724669,113096,59443,53653,0,14805,11807128,112382,58153,54229,0,14600,12144529,116068,59543,56525,0,14555,12275667,119775,62693,57082,0,14518,12673088,117379,62654,54725,0,14410,12738212,121908,68219,53689,0
"부산광역시",수영구,15473,9574739,95996,47424,48571,0,15102,9805229,96705,47037,49502,166,14914,10119976,100232,48647,51585,0,14848,10305936,104304,51921,52383,0,14826,10514416,103270,53246,50024,0,14742,10784349,105622,56356,49266,0
"부산광역시",사상구,12874,12840667,114632,61725,52907,0,12646,12825242,112706,59748,52959,0,12573,12938185,114678,60349,54329,0,12620,13064919,117660,61603,56057,0,12677,16094343,117602,62263,55339,0,12882,15600553,117917,64275,53643,0
"부산광역시",기장군,13749,10218491,88995,49931,25132,13932,13794,10737465,90676,50076,25999,14601,13882,11314114,96347,52565,29110,14672,14416,11799464,108913,63456,30386,15072,14884,12513995,122555,77725,31053,13777,15076,13312770,120976,75761,31833,13383
"대구광역시",소계,210385,149613853,1498336,759009,660729,78598,204830,149782902,1489914,744370,662903,82641,201553,157482974,1546720,760365,702119,84235,201638,156808567,1559041,793026,681784,84230,212979,161816594,1546240,810226,658706,77308,212273,171894739,1570926,855570,639277,76079
"대구광역시",중구,12987,7929058,88462,55876,32586,0,12432,7786490,82275,51640,30635,0,12024,12879005,83882,51719,32164,0,11819,8122102,84034,53497,30536,0,11731,8363923,85965,53993,31972,0,11613,9719279,91064,58541,32523,0
"대구광역시",동구,33211,22490569,207076,104903,97925,4247,32130,22494301,205588,102795,98137,4657,31496,23034575,215969,105648,105080,5241,31463,23643800,218328,111438,101673,5217,31690,24358241,218212,114726,98518,4968,31531,29391172,226536,122318,99136,5082
"대구광역시",서구,28788,9763051,105503,58239,45206,2058,27658,9557431,104250,56737,45354,2159,27419,9621315,107774,57331,48260,2184,27170,9657637,107077,57815,47029,2233,27129,9872521,105571,58409,44852,2311,26942,10424093,102850,58504,42167,2179
"대구광역시",남구,24150,8396373,91724,43861,47862,0,23496,8322528,92411,43084,49327,0,22759,8404044,96853,43930,52922,0,22541,8418599,96610,45188,51422,0,22523,8897534,94888,45724,49163,0,22243,8946544,93693,46960,46733,0
"대구광역시",북구,29884,29591447,258355,126410,131945,0,29220,29765658,257547,124669,132878,0,28892,30422944,270562,128622,141940,0,29034,31522301,271621,133339,138282,0,28924,31101608,263078,132715,130363,0,29026,31228344,262738,139582,123155,0
"대구광역시",수성구,29719,25104979,266401,125649,140752,0,28714,25062800,266089,123671,142418,0,28250,25507165,274360,126174,148186,0,28313,26111198,274687,132809,141878,0,28340,26741695,270417,134161,136257,0,28264,27605304,274644,139763,134882,0
"대구광역시",달서구,31686,31144366,338502,166462,112536,59503,31297,31346033,338118,163827,111660,62631,30680,31376240,345882,165373,116774,63735,30656,31962094,347525,170251,113794,63480,30769,32685379,337557,169331,110191,58034,31038,33978625,337396,174941,105527,56928
"대구광역시",달성군,19962,15194010,142314,77609,51916,12788,19884,15447661,143637,77948,52494,13194,20032,16237686,151437,81568,56794,13075,20643,17370838,159160,88689,57170,13300,21038,18063476,160921,92537,56389,11996,21201,18954612,171227,105233,54103,11891
"대구광역시",군위군,-,-,-,-,-,-,-,-,-,-,-,-,-,-,-,-,-,-,-,-,-,-,-,-,10835,1732217,9631,8630,1001,0,10415,1646767,10780,9728,1052,0
"인천광역시",소계,170778,171137766,1977526,947886,838124,191515,168407,172704692,1930525,919909,815893,194723,168449,179273496,2000762,958238,828117,214408,170410,186933829,2119167,1028230,862863,228074,171994,196391919,2120979,1071162,817239,232578,173931,203100078,2244719,1159212,851882,233625
"인천광역시",중구,13309,12840952,166469,121970,43105,1395,13221,13032446,152897,110855,41925,116,13254,13725020,164816,114017,45281,5518,13557,15374951,196175,130703,51041,14431,13984,17018837,208294,141314,53360,13620,14282,19417705,231154,161225,56786,13144
"인천광역시",동구,6770,4237860,41403,21403,20000,0,6710,4252195,40286,20638,19648,0,6642,4396133,42200,21590,20610,0,6171,4413913,42220,21304,20917,0,5614,4612253,38739,19351,19388,0,5368,4583929,39145,20875,18270,0
"인천광역시",미추홀구,32372,20776079,251781,104585,143782,3414,31569,20987167,243401,100971,139991,2440,30634,21893305,253666,104350,143780,5536,30223,22361940,269887,111455,152467,5966,29293,22788548,257883,112660,138414,6810,29075,23819977,263576,118241,135723,9612
"인천광역시",연수구,7787,27170695,292891,149215,76658,67018,7815,27670841,294438,148590,74796,71052,7917,29636455,313996,159478,76234,78284,7975,30330054,324819,176474,79194,69151,8030,31345224,349162,195942,75291,77930,8218,29602264,337764,192663,73964,71137
"인천광역시",남동구,21156,30979933,336966,148757,154119,34090,20925,31254143,330136,144978,151268,33889,20824,31697594,338957,150711,152902,35344,20771,32211946,350626,157542,155795,37290,20523,32331997,338603,157674,146029,34900,20766,33165546,336422,165080,138167,33175
"인천광역시",부평구,23090,24294344,301458,127566,138453,35439,22030,24131245,293537,123283,134241,36013,22152,24890244,297366,125658,135111,36597,21661,25698231,305179,127539,139099,38541,21266,26259461,295619,128922,131840,34857,21363,27256480,301746,142438,125673,33635
"인천광역시",계양구,11747,14072762,174731,73772,86273,14686,11465,14061723,169529,71155,83492,14882,11460,14474009,173438,73046,84730,15662,11417,14636767,177716,73878,87435,16403,11470,14898077,169238,73403,81045,14790,11636,14352812,173754,83377,77403,12973
"인천광역시",서구,22722,30541850,365789,163989,166326,35474,22825,31068039,361465,164209,160925,36332,23314,32199270,369784,172941,159376,37467,24143,35105305,401441,189108,166040,46293,24905,40010099,411564,200428,161464,49671,25784,43484747,508515,232881,215686,59948
"인천광역시",강화군,24976,4708239,38008,28599,9409,0,24932,4698690,36858,27252,9606,0,25241,4783691,38189,28097,10092,0,27093,5138812,40944,30068,10876,0,29070,5402097,40752,30345,10407,0,29219,5605198,41694,31483,10211,0
"인천광역시",옹진군,6848,1515052,8031,8031,0,0,6915,1548202,7978,7978,0,0,7010,1577775,8350,8350,0,0,7397,1661908,10159,10159,0,0,7840,1725324,11124,11124,0,0,8220,1811419,10949,10949,0,0
"광주광역시",소계,118458,93599704,933704,447575,457642,28487,116694,94250937,925171,441996,453937,29238,115457,96718337,948628,453804,465076,29748,116233,99643757,979029,479738,468170,31121,116658,102188581,951535,484683,438709,28143,114920,103384139,982883,522020,433213,27651
"광주광역시",동구,15829,7956616,86838,46851,39988,0,15250,8036001,84425,44538,39887,0,15039,8376284,86882,44611,42271,0,15043,8560317,90380,47671,42709,0,15032,9164273,91032,49833,41199,0,14594,9417028,93890,53510,40380,0
"광주광역시",서구,20281,19151627,206113,98784,105744,1585,20098,19187311,202464,96991,104324,1149,19988,19737172,205272,98744,104977,1551,20067,20087120,208970,102047,105164,1758,20086,20571954,202532,102046,98375,2111,19784,20734020,214149,113728,98553,1868
"광주광역시",남구,20116,14203304,122673,54819,67854,0,19857,14371174,121720,54160,67560,0,19573,14540938,124347,55600,68747,0,19575,15047897,129240,59258,69981,0,19537,15193510,124300,59037,65263,0,18981,14345722,127300,62542,64758,0
"광주광역시",북구,34521,25888325,273092,129549,139117,4426,34160,25951299,270470,128465,137389,4616,34052,26599397,276573,131814,140246,4513,34122,27277803,281814,137402,139705,4707,34052,27647567,269898,137165,128566,4167,33613,28655015,274340,145367,124918,4056
"광주광역시",광산구,27711,26399832,244988,117572,104939,22477,27329,26705151,246093,117842,104778,23472,26806,27464546,255554,123035,108835,23684,27426,28670621,268625,133360,110610,24656,27952,29611277,263773,136603,105306,21865,27948,30232354,273204,146873,104604,21727
"대전광역시",소계,116249,103545068,1097720,565199,474031,58490,114707,103758694,1078933,563169,456958,58806,113509,105302257,1108594,579026,470080,59487,113711,107399699,1131186,596050,473388,61748,113530,109591037,1088621,583833,447809,56979,112739,103632930,1140492,646571,435114,58807
"대전광역시",동구,26044,13021363,135633,68313,67320,0,25606,12962336,130988,66319,64670,0,25209,13238696,134214,67617,66597,0,25106,13401697,137284,70216,67068,0,24903,13668448,134471,70823,63648,0,24574,14310510,136252,74527,61725,0
"대전광역시",중구,25318,14703398,155663,76636,79028,0,24873,14641097,151947,74610,77337,0,24329,14574800,152848,75249,77600,0,24053,14815056,153707,76315,77392,0,23655,14842674,143842,72937,70897,7,23298,14897791,147134,78195,68919,20
"대전광역시",서구,27457,33086163,312822,146668,141424,24729,26893,33103690,306583,145257,136097,25228,26588,33519183,313048,148917,139294,24837,26718,33897347,319874,153744,140619,25512,26760,34544392,314665,155633,135084,23948,26387,29232575,315541,165549,126475,23518
"대전광역시",유성구,19181,30412916,367883,203427,134559,29897,19173,30621661,364668,205808,128891,29970,19306,31160832,380183,214247,135175,30760,19645,32172213,391874,224392,135380,32102,19950,33230607,375342,217793,128285,29265,20203,32206968,420191,259039,129680,31472
"대전광역시",대덕구,18250,12321228,125718,70155,51700,3864,18161,12429909,124746,71176,49963,3607,18078,12808746,128300,72995,51415,3890,18189,13113386,128447,71383,52930,4134,18263,13304915,120301,66646,49895,3760,18277,12985085,121374,69262,48315,3797
"울산광역시",소계,102728,72432181,776866,419438,357428,0,102192,72891041,773021,411522,361499,0,102023,73873007,786035,418283,367752,0,102927,75019758,803258,429456,373802,0,104494,76860680,787759,433964,353794,0,106441,78957747,822360,470202,352158,0
"울산광역시",중구,21429,12105110,124879,55118,69761,0,21035,12016517,124322,54480,69842,0,20659,12058694,124943,54752,70191,0,20455,12071078,126591,55916,70676,0,20378,12250393,120410,55274,65136,0,20173,12386590,122789,59143,63646,0
"울산광역시",남구,26127,23056448,302386,186936,115450,0,25981,23256512,296487,181652,114835,0,25520,23387911,297698,182405,115293,0,24931,23581260,304070,187503,116567,0,24740,23869806,299008,188292,110716,0,25478,23862027,305763,197357,108406,0
"울산광역시",동구,11102,8620045,90027,38375,51652,0,11086,8658348,89423,37713,51709,0,11082,8655441,90453,38678,51775,0,11101,8692232,92886,39473,53413,0,11098,8896785,89610,40120,49491,0,11120,9184152,92602,42900,49702,0
"울산광역시",북구,12123,13154016,107716,47658,60058,0,12213,13438661,110799,48122,62677,0,12483,13869871,116020,50818,65202,0,12870,14145399,121991,55735,66257,0,13315,15067214,120806,57696,63111,0,14164,15479292,132492,67264,65228,0
"울산광역시",울주군,31948,15496563,151857,91351,60506,0,31876,15521003,151990,89555,62436,0,32280,15901091,156921,91629,65291,0,33570,16529789,157720,90829,66890,0,34963,16776483,157924,92583,65341,0,35506,18045688,168714,103538,65175,0
"세종특별자치시",소계,24046,23264589,200154,102071,38234,59849,24016,23762305,204242,104062,37889,62290,24469,25813695,220213,110499,39564,70150,25311,26942777,253678,134305,42002,77371,26189,27941447,256229,139743,41353,75132,26383,29526212,281088,163630,40249,77209
"경기도",소계,869009,818534530,8797318,4274059,3215318,1307940,870085,834420879,8787631,4277320,3154231,1356080,880145,866327192,9167600,4482650,3254202,1430747,914180,901238268,9943979,5002005,3414605,1527369,941989,937859568,9832926,5141294,3222091,1469541,973141,942018027,10310326,5630383,3174753,1505190
"경기도",수원시 장안구,14341,13312784,171867,72303,72845,26719,14098,13233569,167117,70340,69635,27142,13985,13317074,170677,72670,70120,27888,14041,13716858,178587,75099,74590,28897,14148,13913293,169207,75432,67037,26738,14170,14281109,180264,86193,66904,27167
"경기도",수원시 권선구,17776,18935562,216995,88080,94040,34875,17399,19280867,215755,88599,91416,35740,17373,19880593,220315,92253,92580,35482,17540,20283820,232441,98404,97244,36792,17748,21138118,221683,97813,88458,35411,18032,21725605,233738,109954,88066,35718
"경기도",수원시 팔달구,14477,11887452,163023,77757,76961,8306,14080,11803441,154607,73368,72779,8461,13985,12335659,158879,75777,73404,9699,13850,12377263,165351,77565,76905,10881,13893,13156550,161243,81067,69170,11006,13845,13435567,165315,85137,68326,11852
"경기도",수원시 영통구,7909,22442559,316089,166040,72165,77885,7938,25987506,317301,167257,70066,79979,8059,26627274,333068,177241,72397,83429,8106,27042497,352323,184116,81052,87155,8235,28929289,356198,188743,84546,82909,8264,28162463,373459,206347,83893,83219
"경기도",성남시 수정구,21916,11378033,153493,60256,80296,12941,21887,11716012,152391,59827,79011,13553,21221,12491429,158856,61304,79684,17868,20621,12814520,173019,75641,79672,17706,20745,13413980,177574,80009,76767,20798,20793,14050448,180838,87867,71843,21128
"경기도",성남시 중원구,15117,11201033,151368,66185,80402,4781,15100,11238388,149703,65287,79476,4940,15039,11444467,153627,67513,79954,6160,14500,11502625,156518,69381,80697,6441,12893,12107774,152385,71308,72566,8511,12640,12090846,151529,73442,69153,8933
"경기도",성남시 분당구,11077,59732823,455606,224629,74110,156867,11116,59879779,446799,221799,69723,155277,11309,60619673,457810,231121,68606,158083,11417,61830281,477908,242574,69082,166252,11569,62165855,472275,250229,66726,155319,11811,37685732,491688,274742,64609,152337
"경기도",의정부시,21538,21907718,277627,115114,151232,11281,21273,22217948,271002,111883,146730,12388,21096,23012752,277615,113738,150450,13427,21360,23841082,297555,125002,158344,14208,21378,24817333,289653,130831,145027,13794,21370,24756105,295127,138369,139728,17029
"경기도",안양시 만안구,12830,12047020,156078,65405,84984,5689,12674,12075906,149981,63831,80957,5192,12282,12137287,151462,65488,81068,4905,12172,12616509,156882,66858,84780,5245,11978,12782483,149081,68579,75851,4650,12075,12806364,158141,77985,75452,4703
"경기도",안양시 동안구,8116,19957514,225810,112233,56384,57193,7760,19817843,226326,117405,52465,56456,7281,19925098,237257,130981,50260,56017,7391,20515158,250250,141740,51838,56672,7449,20871565,250073,148995,47997,53081,7466,19812488,261999,159469,47604,54926
"경기도",부천시,39203,48330448,518278,225056,223425,69798,38812,48814710,508815,220023,218105,70687,38502,49677832,517425,224931,219168,73326,38621,50510124,547518,240606,229332,77581,38369,51565534,518167,243062,204256,70849,-,-,-,-,-,-
"경기도",부천시 원미구,-,-,-,-,-,-,-,-,-,-,-,-,-,-,-,-,-,-,-,-,-,-,-,-,-,-,-,-,-,-,17409,26189691,280608,139351,87447,53810
"경기도",부천시 소사구,-,-,-,-,-,-,-,-,-,-,-,-,-,-,-,-,-,-,-,-,-,-,-,-,-,-,-,-,-,-,10607,11785871,136971,60816,64953,11202
"경기도",부천시 오정구,-,-,-,-,-,-,-,-,-,-,-,-,-,-,-,-,-,-,-,-,-,-,-,-,-,-,-,-,-,-,10336,8806784,110033,56733,50110,3190
"경기도",광명시,12412,16486452,180678,78922,87076,14680,11704,15039695,172086,76032,80133,15920,10409,14815234,167954,77538,74392,16024,10082,15528680,179235,83151,75504,20580,9225,15640812,175117,84027,70997,20093,8544,15320962,175681,87206,68528,19947
"경기도",평택시,49931,38667626,386893,202695,167652,16546,50059,39625312,405920,218801,166876,20244,51191,42090715,444794,241095,177776,25923,53567,44792781,509085,287436,190586,31063,55685,46984442,526683,307265,184848,34570,57527,50444755,556643,334049,184253,38342
"경기도",동두천시,9356,5130376,62888,28159,34729,0,9330,5141532,62038,27734,34304,0,9435,5262925,63878,28156,35722,0,9673,5409191,68196,29403,38793,0,9970,5505375,64373,29582,34790,0,10110,5679436,65597,30259,35338,0
"경기도",안산시 상록구,18201,16257566,214267,83907,113033,17327,18146,16770366,210853,81553,108663,20637,18111,17269776,212761,83574,108485,20701,18359,17441371,224016,89235,113295,21486,18454,17547309,209835,89462,101424,18949,18594,17617582,221950,102465,100241,19244
"경기도",안산시 단원구,16163,22008504,232131,113531,87556,31044,16055,22339532,228326,110915,83819,33592,16024,22588851,233033,114168,84082,34783,16557,22980809,246250,121733,87461,37056,17071,23513356,236167,122545,80430,33192,17563,25139417,244709,130755,80803,33151
"경기도",고양시 덕양구,19809,22516883,267311,119052,78684,69575,19835,23139950,269323,118736,78580,72007,20291,24251431,287642,126489,82421,78732,20976,25362756,310787,135753,87610,87424,21669,27262642,306961,141315,82563,83083,22341,29228319,320375,156731,80135,83509
"경기도",고양시 일산동구,18353,21346377,246307,125976,50753,69578,18360,21593362,246176,124347,49873,71956,18516,21957834,254272,129839,51028,73406,18988,22361387,269374,139205,52633,77537,19178,22613340,261463,140780,50306,70377,19856,22579877,263660,146220,50840,66600
"경기도",고양시 일산서구,11262,16749835,190729,85376,37698,67655,11304,16914589,187304,82844,36574,67885,11373,17017286,191313,85595,36849,68868,11555,17125571,196200,87053,37380,71767,11747,17273371,187664,88418,34358,64888,11939,17299625,187235,91784,33349,62103
"경기도",과천시,3168,3208564,49807,23065,17536,9206,3119,3169048,45506,20057,15965,9484,3214,3778371,50264,21532,16101,12631,3448,4272049,56889,25494,16502,14894,3480,4769547,59587,28173,15883,15531,3522,5879173,70910,35345,15864,19702
"경기도",구리시,9073,10217311,130691,57830,67191,5671,8981,10344438,126664,56177,64675,5812,8614,10362530,127839,56551,65548,5740,8458,10471042,131133,60218,66015,4901,8365,11093494,130629,62380,61753,6496,8376,10932978,131960,66030,58631,7299
"경기도",남양주시,40739,35462678,392396,177392,194416,20588,41058,36267191,395126,177869,194178,23079,41619,38754311,422648,186112,208642,27894,43639,40715696,456778,213184,217335,26259,44685,42169055,462243,217453,208042,36747,46227,43599305,472093,234430,199168,38495
"경기도",오산시,10588,12309607,140266,67940,49416,22910,10637,12485050,141859,68374,49061,24424,10803,12787971,147046,72040,50852,24154,11031,13074542,156140,76553,53315,26273,11214,13880753,152273,78077,49655,24541,11625,15369661,162935,86207,50451,26277
"경기도",시흥시,20041,29967654,286741,119556,141379,25807,20175,30704480,286316,116855,139050,30410,20567,33137111,305318,123144,144753,37421,21214,34392136,345939,154084,151750,40105,21610,35844763,333953,157827,138461,37664,22374,35436339,361589,182545,138422,40622
"경기도",군포시,8231,17896271,157457,68390,47863,41204,8248,18127741,166984,77662,47534,41789,8239,18354654,172340,81893,48527,41921,8278,18697788,181705,88504,49894,43307,8334,18879965,175786,90124,47242,38420,8444,15444121,176534,92658,47450,36426
"경기도",의왕시,6091,8372692,106287,50796,39138,16353,5834,8485255,105176,51930,37039,16207,5321,8580554,107842,53575,36624,17643,5473,9014212,116372,59332,38760,18281,5483,9443361,114331,61106,36569,16656,5407,9818662,116775,64835,35766,16174
"경기도",하남시,13090,16479717,157328,71088,53378,32862,13073,17584459,162283,71573,52496,38214,13184,19488894,173760,75495,53944,44321,13594,21188137,212320,108567,56169,47584,13686,22256447,215892,110664,54646,50582,13785,22747113,230714,122269,52513,55932
"경기도",용인시 처인구,31649,17382393,187498,109467,78032,0,31765,17771636,185914,108142,77772,0,32871,18681590,197722,113250,84472,0,35177,20436242,231938,139462,92476,0,36793,21593814,232167,144869,87299,0,38320,23489332,250494,163384,87110,0
"경기도",용인시 기흥구,13956,26623120,350599,184583,85815,80201,14174,27832139,355660,190555,83484,81622,14391,28338006,365803,198369,85329,82104,14924,29068691,415779,239184,89307,87288,15298,29286926,406660,241090,86819,78751,15649,30355028,414731,250144,86586,78001
"경기도",용인시 수지구,6877,20013204,216591,95939,31537,89115,6963,20241669,220107,96467,30083,93557,7196,20750578,223222,99885,30102,93235,7574,21028106,235291,106535,31251,97505,7900,21319392,227748,108239,29991,89518,8193,21640308,231017,114476,29831,86711
"경기도",파주시,41472,28148094,280600,140668,104158,35774,41977,28644169,279448,139155,103660,36633,43326,30370690,297194,148073,108512,40609,46053,32346465,324793,163726,116541,44526,48401,34381806,320256,169460,109342,41455,50713,37147315,341266,188942,104454,47870
"경기도",이천시,30533,17613173,151648,91494,60154,0,30913,17934057,151936,90915,61021,0,31549,18579774,156527,93064,63463,0,33147,20007114,168052,100977,67075,0,34848,21011015,182393,118351,64042,0,36281,23556584,206932,145648,61283,0
"경기도",안성시,29948,14030609,128354,78856,49498,0,30042,14240164,126655,77240,49415,0,30557,15007328,133858,80110,53748,0,31826,15874171,146326,89653,56673,0,32899,16687605,146147,90129,56018,0,34107,18686249,158691,101333,57358,0
"경기도",김포시,26462,25619683,255296,125433,87809,42054,26950,26443711,261975,129009,88824,44141,28141,28952196,283867,139349,94812,49706,30159,30240884,322314,170443,99219,52653,31641,31491037,319935,172634,94241,53060,34059,33401950,331725,184789,92993,53943
"경기도",화성시,60154,56980287,535759,287420,127132,121206,60774,58438134,545535,294257,126518,124760,62720,62269977,597466,314890,144869,137708,65885,66232921,671542,364195,153462,153885,68767,70335028,684273,371514,161946,150813,73683,76202518,769264,438639,168327,162298
"경기도",광주시,34074,20571917,238217,116366,121850,0,34329,20816114,243790,118358,125432,0,35064,21256281,253466,123538,129928,0,37032,22492917,269896,134815,135081,0,38666,23582333,265790,136542,129248,0,40540,25168676,272842,147621,125221,0
"경기도",양주시,19499,13030060,128326,67091,49616,11619,19800,13456967,131752,67332,51621,12799,20562,14374446,136408,71460,54011,10938,21988,15350207,161516,86821,59530,15165,23465,17659943,172167,92785,58295,21087,25079,19892705,188930,104741,56856,27333
"경기도",포천시,34432,11221755,95371,68057,27314,0,34663,11397325,94910,66689,28221,0,35207,11755853,98609,69373,29236,0,37072,12368844,105879,73988,31891,0,38654,12959691,101036,71884,29152,0,40986,14177975,107143,78179,28963,0
"경기도",여주시,22491,8058209,73500,47613,25888,0,22797,8173952,72760,47138,25622,0,23562,8412606,74737,48242,26495,0,24991,9063948,81128,53570,27558,0,26954,9934927,82966,55764,27202,0,28262,10744333,88391,62183,26208,0
"경기도",연천군,12827,2686135,25933,17149,8784,0,12807,2744452,25511,16105,9406,0,12886,2844681,25868,16354,9514,0,13455,3069643,29359,19013,10346,0,13804,3227913,28408,18442,9966,0,14208,3497779,30317,19759,10558,0
"경기도",가평군,19562,4751371,50651,39777,10242,632,19577,4799194,50409,38630,10686,1093,19811,4909407,50925,39407,11518,0,21136,5253660,55726,43513,12212,0,22541,5561514,55867,43865,12002,0,23616,6104542,58500,46147,12353,0
"경기도",양평군,34268,7593463,70562,57413,13148,0,34499,7689227,69534,56251,13283,0,35259,7856193,72230,57474,14756,0,39251,8525570,75667,60220,15447,0,43101,9286818,76622,60462,16161,0,44393,9826339,81016,64205,16812,0
"강원도",소계,285503,107299106,952768,647688,305081,0,285372,108947043,938479,634106,304373,0,288043,111814137,981312,649391,331922,0,298569,116580025,1053811,710885,342926,0,309218,120121006,1063085,718348,344737,0,315014,124377193,1118331,774401,343930,0
"강원도",춘천시,34683,18190531,212072,114871,97200,0,34557,18224974,205289,111771,93518,0,34639,18886923,215986,113814,102172,0,35753,19834763,225263,121983,103280,0,36718,20351234,226125,124772,101353,0,36983,20611931,230545,133155,97390,0
"강원도",원주시,41786,25711733,244675,132221,112453,0,41759,26140525,242636,129128,113508,0,42143,27016325,259261,137922,121339,0,42841,27741041,274130,150318,123812,0,43835,28508775,275541,152893,122648,0,44796,29355065,283354,163891,119463,0
"강원도",강릉시,36416,14921804,115399,82461,32937,0,36409,15172945,116132,81727,34405,0,36600,15543937,120443,83100,37343,0,37886,16041162,128791,90167,38623,0,38475,16307687,128724,90310,38414,0,39266,16247363,140938,100392,40546,0
"강원도",동해시,12606,5953830,40844,31793,9050,0,12651,6107592,42028,32164,9864,0,12800,6205835,43840,32054,11786,0,13048,6374262,46645,34659,11986,0,13363,6467632,48780,37108,11671,0,13489,6790618,55929,43613,12316,0
"강원도",태백시,7720,2526026,15592,15592,0,0,7680,2537851,15389,15389,0,0,7692,2555287,15772,15772,0,0,7896,2632050,16739,16739,0,0,7971,2638479,16861,16766,95,0,8018,2808665,18088,17361,727,0
"강원도",속초시,10433,6605854,56101,35617,20484,0,10414,6746182,55898,34772,21126,0,10427,6436980,59514,35830,23684,0,10603,6762726,65603,40580,25023,0,10786,6825497,67076,41724,25352,0,10876,7107915,72577,45805,26772,0
"강원도",삼척시,13515,4113423,25516,21565,3951,0,13448,4108576,25846,21647,4199,0,13450,4152003,26731,22170,4561,0,13907,4413778,37125,32108,5017,0,14298,4569819,37245,31974,5271,0,13967,4729716,39554,34128,5426,0
"강원도",홍천군,17955,4119107,45632,35141,10491,0,18071,4190607,44250,33537,10712,0,18449,4384589,45936,34125,11811,0,19756,4677025,49065,36762,12303,0,21172,4874982,48838,36408,12431,0,21672,5252628,50434,38275,12159,0
"강원도",횡성군,14583,4401735,27529,23585,3943,0,14682,4466871,27504,23469,4035,0,14919,4565123,28260,23863,4398,0,15837,4771154,29612,25119,4493,0,17333,5002144,29569,24992,4577,0,18032,5240026,30331,25704,4627,0
"강원도",영월군,13830,2833730,19175,16056,3119,0,13749,2848060,19156,15973,3184,0,13829,2949525,20292,16323,3969,0,14325,3059862,21166,16980,4186,0,14955,3129547,21091,16861,4230,0,15274,3182738,22214,17993,4221,0
"강원도",평창군,16008,3843276,35433,35433,0,0,16044,4004869,34899,34899,0,0,16167,4047483,32770,32770,0,0,16858,4240279,34964,34964,0,0,17865,4673454,34482,34482,0,0,18311,4925767,37888,37888,0,0
"강원도",정선군,13317,2796409,27569,19353,8217,0,13274,2833467,25156,18482,6674,0,13297,2862960,25403,18565,6838,0,13738,2966226,28921,19984,8938,0,14013,3020501,31505,19993,11512,0,14200,3338541,34351,21287,13064,0
"강원도",철원군,11357,2767844,20281,20281,0,0,11423,2843573,19779,19779,0,0,11569,2960111,19762,19762,0,0,11939,3126635,19627,19627,0,0,12354,3252372,19706,19706,0,0,12592,3429977,20192,20192,0,0
"강원도",화천군,6940,1276257,9849,9849,0,0,6941,1304190,9372,9372,0,0,7088,1346568,9489,9489,0,0,7437,1517477,9926,9926,0,0,7714,1557098,9760,9760,0,0,8127,1735548,10410,10410,0,0
"강원도",양구군,5143,1225660,9263,9263,0,0,5197,1257249,8549,8549,0,0,5354,1330338,8550,8550,0,0,5675,1423694,8918,8918,0,0,5937,1452616,8964,8964,0,0,5938,1454877,8866,8866,0,0
"강원도",인제군,8965,1677652,15452,15452,0,0,9007,1735354,14594,14594,0,0,9072,1827965,14872,14872,0,0,9336,1919701,16116,16116,0,0,9791,2158952,15865,15865,0,0,10058,2370204,16333,16333,0,0
"강원도",고성군,10359,1964705,15448,13751,1696,0,10190,1990980,15130,13580,1550,0,10484,2205827,16691,14701,1990,0,11145,2448753,20352,17840,2512,0,11604,2632990,22193,18004,4189,0,11991,2831211,23050,19378,3672,0
"강원도",양양군,9890,2369528,16941,15402,1539,0,9876,2433177,16873,15274,1599,0,10065,2536359,17741,15709,2032,0,10589,2629438,20848,18094,2754,0,11032,2697228,20759,17766,2993,0,11424,2964401,23279,19731,3548,0
"충청북도",소계,264173,107912343,982665,588098,340810,53757,263471,109963563,971482,580211,337263,54008,264985,114094338,1011405,597978,354824,58604,275832,119198353,1085581,654772,368323,62487,285063,124267752,1074957,661159,357630,56168,287107,129142233,1106616,706532,345556,54528
"충청북도",청주시 상당구,22019,10213817,99042,54335,31177,13530,21894,10544311,98465,53613,30446,14406,21890,11413857,104024,55052,31688,17284,22516,11795719,113794,62424,32861,18509,22969,12371748,111672,62625,31803,17243,23036,12473413,117003,69479,30747,16777
"충청북도",청주시 서원구,20004,12552039,136981,74753,36050,26179,19928,12614710,133138,72568,34641,25928,19895,12882014,134046,72345,35786,25914,19946,13248679,140261,75497,36924,27840,19536,13254977,134564,75240,34827,24497,19337,12896829,136141,79227,33330,23584
"충청북도",청주시 흥덕구,24695,19354650,190474,96529,79897,14049,24424,19899329,187813,96848,77291,13673,24227,20712264,196807,101559,79843,15406,25274,21509513,209893,110863,82893,16137,25903,22388961,206604,113251,78924,14428,26497,23823725,215651,123861,77624,14166
"충청북도",청주시 청원구,21538,12653210,131048,71083,59964,0,21458,12825631,128915,70460,58454,0,21693,13180028,132761,72244,60517,0,22606,13524952,140046,76768,63278,0,23126,14039793,137237,77170,60067,0,23637,14731083,138423,80943,57480,0
"충청북도",충주시,39344,14822490,137366,83189,54178,0,39228,15213184,136475,81110,55365,0,39405,15797499,142291,82761,59530,0,40482,16264699,150737,89798,60939,0,41645,16963304,151153,90291,60862,0,41836,17348792,152532,94850,57682,0
"충청북도",제천시,25612,8510861,72834,47879,24954,0,25680,8656867,74015,48279,25736,0,25927,8757693,77162,50074,27088,0,27501,9131309,83990,55838,28153,0,28530,9320766,83403,56310,27093,0,28796,9600057,83465,57869,25596,0
"충청북도",보은군,11253,2249395,13244,12177,1066,0,11302,2284403,13042,11798,1244,0,11421,2419462,13437,12147,1290,0,11971,2595066,14732,12967,1765,0,12607,2740367,14748,13080,1668,0,12427,2752244,15231,13504,1726,0
"충청북도",옥천군,16750,3336909,23112,18735,4376,0,16632,3344380,22758,18297,4462,0,16747,3501463,23721,18875,4846,0,17608,3722529,25388,20324,5064,0,18200,3875131,25193,20308,4884,0,18072,3969685,26151,21201,4951,0
"충청북도",영동군,14799,2773350,18335,14536,3799,0,14792,2793671,17947,14209,3738,0,14960,2863275,18225,14283,3942,0,15712,3071716,19332,15300,4032,0,16946,3250331,19858,15630,4228,0,16739,3252569,21157,16702,4456,0
"충청북도",증평군,5466,2332466,22003,12602,9401,0,5508,2402635,21618,12247,9370,0,5532,2497298,23022,13089,9933,0,5791,2703813,24884,14565,10319,0,5931,2817046,25049,14885,10164,0,5850,2882774,24866,15296,9570,0
"충청북도",진천군,14615,6163579,45793,29316,16477,0,14570,6239787,44966,28560,16405,0,14769,6606752,49371,30744,18626,0,15623,7240273,58709,39303,19406,0,16164,7801874,59382,40338,19044,0,16286,8437972,62898,44120,18778,0
"충청북도",괴산군,13457,2363214,17096,15553,1543,0,13427,2396237,16964,15288,1676,0,13556,2444594,17560,15699,1862,0,14412,2623918,18773,16829,1944,0,15518,2800835,19994,16717,3277,0,15740,2987763,20300,17054,3246,0
"충청북도",음성군,23380,8294005,56687,41377,15310,0,23446,8459546,57046,41115,15931,0,23796,8729831,60137,42916,17221,0,24902,9403217,65380,47522,17859,0,26082,10187047,66701,48913,17788,0,27103,11518279,70946,53659,17287,0
"충청북도",단양군,11240,2292358,18649,16032,2617,0,11183,2288872,18321,15818,2503,0,11167,2288308,18841,16189,2653,0,11487,2362948,19661,16774,2887,0,11906,2455572,19400,16400,3000,0,11751,2467049,21852,18768,3084,0
"충청남도",소계,332929,142106651,1266822,747538,487879,31405,333903,144614362,1263177,739003,493868,30305,338425,149450353,1316971,772311,510793,33867,351903,156194271,1423515,836744,549285,37486,366070,164356495,1427655,868988,521021,37645,369436,175224806,1529472,967469,522355,39649
"충청남도",천안시 동남구,30221,18429957,197140,106357,86319,4463,30190,18654273,191374,104173,82793,4408,30467,19120299,196899,108231,84138,4530,30978,19458470,213202,117821,90654,4728,31707,20500838,210419,120582,85580,4257,32423,21336717,211209,121989,85103,4117
"충청남도",천안시 서북구,22567,25430669,251705,124360,116523,10822,22709,25941582,250955,123790,116093,11072,22932,26745459,264384,132316,120279,11789,23546,27390289,279161,138383,128050,12729,24307,28517377,271501,141936,117927,11638,25274,30874996,278998,151398,116334,11267
"충청남도",공주시,24933,7350704,63036,42114,20922,0,25033,7452399,61724,40950,20774,0,25283,7615789,63234,41477,21757,0,26272,7971640,66853,43907,22945,0,27572,8270309,66414,44872,21542,0,27834,8457102,68997,47622,21375,0
"충청남도",보령시,17391,6120299,52607,36100,16507,0,17453,6284455,52472,35115,17357,0,17618,6406842,54288,35944,18344,0,18473,6800154,59853,39687,20166,0,19495,7114580,59774,40544,19230,0,19980,7441869,65194,45698,19496,0
"충청남도",아산시,31422,21848794,201533,108867,83669,8997,31849,22497980,198248,106739,84243,7265,32793,23523100,210976,113457,88390,9130,34770,25438861,233011,125941,95803,11267,36637,27393056,236285,133279,91323,11684,37751,31235261,273190,164401,95712,13078
"충청남도",서산시,25048,11585256,98382,57315,41067,0,25225,11800497,101946,57772,44174,0,25667,12184892,105769,60474,45295,0,26730,12653582,115300,67965,47335,0,27806,13088549,114069,68975,45095,0,28015,13568143,119235,73797,45438,0
"충청남도",논산시,31019,7749926,60911,40383,20528,0,30928,7843228,60700,39789,20911,0,31250,8055273,62987,41550,21437,0,32361,8402431,67288,44585,22703,0,32903,8568994,65227,44265,20963,0,32691,8733818,66836,47133,19704,0
"충청남도",계룡시,2283,2415903,28624,11933,16692,0,2298,2444451,28419,11984,16434,0,2354,2539522,29017,12561,16457,0,2454,2687992,31230,13314,17916,0,2575,2904368,33068,14631,18436,0,2634,3071016,33417,16454,16963,0
"충청남도",당진시,30238,12395033,102800,60932,41868,0,30220,12574386,106409,63278,43131,0,30446,13067695,110904,66391,44513,0,31616,13875459,114477,67250,47227,0,32589,14456964,117951,72885,45066,0,33156,15474429,124456,79872,44584,0
"충청남도",금산군,18917,3604921,24242,18998,5244,0,18822,3600697,24122,18600,5523,0,19058,3705166,24487,18786,5701,0,19767,3888820,25678,19605,6073,0,20471,4132856,25848,19833,6015,0,19884,4255975,27539,21378,6161,0
"충청남도",부여군,20518,3934322,24640,19736,4904,0,20466,3962813,25371,19207,6164,0,20483,4028820,25899,19401,6498,0,20959,4149769,27429,20390,7039,0,21698,4376131,26623,19870,6753,0,21534,4321049,28673,21783,6890,0
"충청남도",서천군,14000,3170461,23547,18142,5405,0,14073,3243740,23234,17532,5702,0,14582,3554937,23275,17223,6053,0,15107,3726925,25421,18394,7027,0,15760,3905108,24847,18232,6615,0,15424,3985442,25634,19195,6439,0
"충청남도",청양군,10650,1794652,9547,9547,0,0,10606,1768318,9362,9362,0,0,10692,1853103,9642,9642,0,0,11192,1955344,11322,10177,1145,0,11704,2053565,11471,9822,1649,0,11398,2097975,12835,10779,2056,0
"충청남도",홍성군,17830,6657298,49949,32287,11122,6540,17832,6693948,50748,31874,12005,6869,18076,6956523,52907,32922,12546,7438,18998,7216719,58906,37759,13443,7703,19932,7710258,59397,38280,13214,7903,20213,8218176,64670,41399,14665,8605
"충청남도",예산군,18034,5179963,41117,29051,11482,583,18243,5368543,41087,28285,12113,690,18406,5523945,43987,30475,12534,979,19186,5823129,50164,34627,14478,1060,20333,6430415,53025,36709,14153,2163,20938,7112607,55397,38893,13923,2582
"충청남도",태안군,17857,4438492,37043,31415,5629,0,17957,4483054,37006,30555,6451,0,18317,4568988,38317,31464,6853,0,19494,4754686,44219,36939,7280,0,20581,4933126,51735,44274,7461,0,20287,5040231,73193,65679,7514,0
"전라북도",소계,312510,120250939,1033756,596753,432546,4457,312596,122582471,1043303,590513,448247,4543,314174,126270257,1063925,602420,457159,4346,321721,129544982,1123488,634828,483988,4673,329397,133915114,1113327,638009,470688,4629,324816,135232686,1137302,682983,450385,3934
"전라북도",전주시 완산구,29086,21214833,230633,108033,122601,0,28997,21624502,230403,106376,124027,0,28796,22092383,232231,108438,123793,0,28698,22273244,242587,111998,130589,0,28762,22655175,230787,112218,118568,0,28533,22814641,235840,117920,117920,0
"전라북도",전주시 덕진구,28086,20307329,209951,98694,111257,0,28131,20724846,212047,98717,113330,0,28364,21652538,216318,101807,114511,0,28766,22245023,237105,114204,122901,0,29141,22800901,224690,114823,109866,0,29038,22805544,230926,120870,110056,0
"전라북도",군산시,34672,19937950,166625,90766,75859,0,34872,20454255,166364,90326,76038,0,35211,21030210,171195,92895,78301,0,35981,21710149,178540,95553,82987,0,36714,22432512,173296,96963,76333,0,36200,22662361,181474,104048,77426,0
"전라북도",익산시,45532,18558047,154877,94271,56150,4457,45401,18667432,160292,92774,62976,4543,45474,19135648,163792,94227,65219,4346,46324,19602184,168268,95922,67674,4673,47277,20208001,187778,96474,86674,4629,46789,20867630,172045,105456,62655,3934
"전라북도",정읍시,24609,7183895,47319,34245,13075,0,24711,7388867,49087,33882,15205,0,24907,7631480,51038,34970,16067,0,25728,7746100,53056,36267,16790,0,26595,8056926,52949,36204,16745,0,26528,8233121,56129,38867,17262,0
"전라북도",남원시,24868,5587753,35060,25496,9564,0,24812,5703526,35617,24907,10710,0,24863,5819277,36640,25246,11394,0,25616,6060200,38776,26835,11941,0,26254,6328687,37918,26101,11816,0,25721,6146954,39764,27882,11881,0
"전라북도",김제시,22389,5265158,40219,29011,11208,0,22414,5357062,40412,29015,11397,0,22527,5550164,41203,29616,11587,0,23203,5898879,42899,30850,12049,0,23856,6172827,42589,31370,11219,0,23709,6269080,44426,33059,11368,0
"전라북도",완주군,21486,7265778,54280,37340,16940,0,21495,7458095,54379,37223,17157,0,21738,7697089,54576,37077,17499,0,22413,7700152,57957,39100,18858,0,23303,8235202,58197,39026,19172,0,23076,8685321,66235,45126,21109,0
"전라북도",진안군,10745,1672385,9432,8014,1418,0,10749,1709908,9204,7803,1401,0,11059,1824615,9564,7941,1623,0,11451,1905097,10030,7996,2034,0,11854,1985313,10778,8316,2461,0,11558,1859006,11254,8811,2443,0
"전라북도",무주군,9892,1803005,13250,11215,2035,0,9900,1808832,13114,10906,2209,0,9941,1850395,12927,10644,2283,0,10298,1909280,14339,11935,2404,0,10623,1982032,14281,11869,2412,0,10463,1957304,14765,12363,2402,0
"전라북도",장수군,9171,1340150,7165,7165,0,0,9153,1350556,6955,6955,0,0,9158,1384125,6925,6925,0,0,9518,1507036,7358,7358,0,0,9757,1560444,7257,7257,0,0,9577,1554613,7616,7616,0,0
"전라북도",임실군,8260,1761612,8246,7030,1216,0,8306,1789930,8367,6997,1370,0,8429,1853654,8863,7296,1566,0,8696,1925018,9744,8029,1715,0,9052,1987183,9542,7934,1608,0,8662,1948384,10262,8690,1572,0
"전라북도",순창군,10801,1684580,10412,7816,2596,0,10773,1707289,10626,7670,2956,0,10793,1737422,10740,7749,2992,0,11110,1794433,11208,8117,3091,0,11391,1948614,11291,8282,3009,0,11218,1858889,12084,8883,3202,0
"전라북도",고창군,13275,3038654,22822,17265,5557,0,13329,3097897,22731,16877,5854,0,13474,3174066,23299,17181,6118,0,14135,3354859,25958,19516,6442,0,14772,3509336,25789,19533,6256,0,14731,3501974,26967,20604,6363,0
"전라북도",부안군,19640,3629808,23465,20393,3072,0,19554,3739472,23704,20086,3619,0,19443,3837191,24614,20408,4206,0,19786,3913327,25663,21149,4513,0,20048,4051960,26186,21638,4548,0,19013,4067865,27515,22789,4726,0
"전라남도",소계,416962,117864582,908912,601386,298025,9502,415601,119069908,924228,600989,313059,10179,417140,123299612,967773,626407,330015,11351,429762,129050268,1014949,662858,340094,11997,443368,134792387,1020611,673424,335841,11346,435688,136405086,1107325,761390,334299,11636
"전라남도",목포시,27661,14242712,140800,74664,66136,0,27589,14421755,142759,74857,67903,0,27642,14759093,144205,76326,67879,0,27861,15107854,151120,79541,71579,0,28098,15465677,148369,80550,67819,0,27511,15729500,152152,85552,66601,0
"전라남도",여수시,46002,18078445,177810,115509,62301,0,45784,18254562,182978,117168,65811,0,45829,18888364,198997,129429,69568,0,46566,19887787,207591,136911,70680,0,47946,20715035,203929,136937,66992,0,47689,21151579,219758,151709,68049,0
"전라남도",순천시,37128,16812759,150715,85791,64924,0,37016,16856700,154289,85726,68563,0,37134,17331398,159722,87693,72030,0,38059,17782543,165203,93269,71934,0,38966,18364003,167735,95109,72596,30,38318,18880796,173261,103372,69889,0
"전라남도",나주시,27001,9486804,61622,38231,13890,9502,26837,9581107,63032,38961,13892,10179,26884,10045735,66646,40797,14498,11351,27787,10374836,72138,44977,15165,11997,28618,10981102,74451,47550,15585,11316,28051,10869021,80616,53510,15470,11636
"전라남도",광양시,20251,10869045,76082,46711,29371,0,20248,11021302,77293,45689,31604,0,20314,11345202,80804,48239,32565,0,20904,11993837,84279,51444,32835,0,21484,12804868,84992,51476,33516,0,21372,13442822,91719,59157,32563,0
"전라남도",담양군,17742,3180472,18856,15351,3504,0,17681,3222961,19171,15217,3954,0,17884,3401704,20444,15682,4762,0,18788,3647662,22536,17462,5073,0,19335,3775030,22468,17016,5452,0,18993,3509122,23934,18481,5453,0
"전라남도",곡성군,11877,1902142,10157,8493,1664,0,11819,1922016,10052,8414,1638,0,11802,1949022,10677,8900,1777,0,12157,2281828,10956,9060,1895,0,12553,2367822,11193,9184,2009,0,12110,2221373,11390,9471,1920,0
"전라남도",구례군,10503,1637452,10725,9254,1472,0,10440,1644397,10507,8852,1656,0,10447,1657139,10647,8783,1864,0,10808,1717218,11021,9021,2000,0,11274,1817374,11872,9787,2085,0,11071,1744094,12123,10086,2037,0
"전라남도",고흥군,21874,3285943,17098,15657,1441,0,21789,3304475,18122,16183,1939,0,21893,3402284,18717,16519,2197,0,22657,3613352,20074,17745,2329,0,24048,3837471,21155,18791,2364,0,24047,3916395,22667,20381,2286,0
"전라남도",보성군,16792,2376716,12264,11798,466,0,16707,2403821,12599,11639,960,0,16663,2437336,12956,11945,1011,0,17066,2506807,13173,12074,1099,0,17662,2617169,13037,11925,1113,0,17319,2566204,13722,12663,1059,0
"전라남도",화순군,16079,3817915,31497,18578,12919,0,16083,3926608,31185,18149,13036,0,16168,3998260,32289,18239,14051,0,16890,4308624,34271,19424,14846,0,17347,4443118,34109,19869,14240,0,16816,4421527,38485,23694,14791,0
"전라남도",장흥군,13845,2257087,12732,10482,2249,0,13826,2295181,12853,10425,2428,0,13906,2383129,13534,10948,2586,0,14326,2531819,14561,11787,2774,0,14826,2695246,14910,12147,2763,0,14424,2616766,16118,13321,2797,0
"전라남도",강진군,13000,2273138,12235,10804,1431,0,12951,2311114,12543,10721,1822,0,12971,2349710,13504,10853,2651,0,13428,2399186,14157,11257,2900,0,13861,2493023,14828,11970,2859,0,13263,2167955,15658,12493,3164,0
"전라남도",해남군,23534,3969878,24469,19036,5433,0,23430,4030936,24832,18923,5909,0,23375,4133197,25311,19127,6184,0,24208,4327570,26194,19818,6376,0,24900,4475175,26396,20048,6349,0,24654,4387747,27953,21630,6323,0
"전라남도",영암군,16772,4591989,25356,18948,6408,0,16651,4615234,25679,18660,7019,0,16819,4867649,26380,19280,7100,0,17336,5162827,26919,19272,7647,0,17943,5452117,28904,19628,9276,0,17694,5756480,34199,23846,10354,0
"전라남도",무안군,18953,5996110,42081,28981,13100,0,18867,6030363,42334,28854,13480,0,19012,6657582,46955,30025,16930,0,19590,6861056,51749,33346,18403,0,20077,7019320,51427,33822,17605,0,19438,7250880,54671,36547,18124,0
"전라남도",함평군,8777,1817748,9509,8002,1507,0,8824,1858509,9471,7940,1531,0,9003,1974944,9754,8126,1628,0,9445,2139834,9968,8284,1684,0,10013,2287445,10260,8462,1798,0,9980,2378064,12067,10200,1867,0
"전라남도",영광군,12124,2861735,21712,16507,5205,0,12113,2877131,21517,16400,5118,0,12174,2936745,21919,16412,5508,0,12746,3155739,22181,16680,5501,0,13252,3355725,22319,16592,5727,0,13309,3546266,44784,39049,5735,0
"전라남도",장성군,14442,2575612,19977,15374,4603,0,14376,2611451,19782,14982,4799,0,14498,2720626,20512,15286,5226,0,15082,2913728,20865,15489,5375,0,15569,3137580,21363,15668,5695,0,15362,3205770,22556,16737,5819,0
"전라남도",완도군,14879,2446673,15211,15211,0,0,14920,2477338,15290,15290,0,0,15030,2530951,15533,15533,0,0,15561,2658173,15983,15983,0,0,16229,2781408,16113,16113,0,0,16022,2852404,17284,17284,0,0
"전라남도",진도군,12573,1575987,8449,8449,0,0,12538,1604464,8532,8532,0,0,12546,1702601,8624,8624,0,0,12856,1764921,9989,9989,0,0,13135,1828658,10073,10073,0,0,12839,1810278,10481,10481,0,0
"전라남도",신안군,15153,1808220,9555,9555,0,0,15114,1798483,9407,9407,0,0,15146,1826940,9641,9641,0,0,15641,1913067,10021,10021,0,0,16232,2078022,10709,10709,0,0,15406,1980044,11726,11726,0,0
"경상북도",소계,556067,180055050,1438961,868158,560968,9836,554612,182681647,1441688,852353,579821,9515,556115,186900232,1476066,877758,588594,9714,570341,192737938,1582950,937054,635655,10241,573436,196486181,1551928,939610,606298,6020,567626,203668490,1634540,1019133,605672,9735
"경상북도",포항시 남구,36472,19769624,152790,79329,63625,9836,36308,19761301,152117,78203,64400,9515,36321,20274955,160523,80016,70793,9714,36858,20336469,163416,81179,71995,10241,37114,20688390,154504,81726,66758,6020,37469,21533521,181846,104554,67557,9735
"경상북도",포항시 북구,32111,17055554,149552,76341,73211,0,32013,17382029,149876,75660,74216,0,31993,17670389,158120,77141,80978,0,32495,17922366,160486,80826,79659,0,32901,18054004,154069,80859,73210,0,32730,19319842,161710,87852,73859,0
"경상북도",경주시,53842,18040560,170675,100110,70565,0,53718,18045477,165541,96566,68976,0,53695,18156289,140289,99961,40328,0,55321,18916206,182845,105268,77577,0,56979,19419741,177791,102165,75627,0,57752,20540308,185916,108867,77049,0
"경상북도",김천시,34132,9880804,69572,43082,26489,0,34062,9952640,70453,42897,27557,0,34246,10152061,73463,44183,29280,0,35183,10579522,78044,48955,29088,0,36081,11115290,78037,49974,28063,0,35562,11449336,83054,54542,28512,0
"경상북도",안동시,31149,10359274,94577,61296,33280,0,31158,10513891,93893,60140,33753,0,31441,10735028,100289,62608,37681,0,32373,11060452,104190,64975,39215,0,33702,11412219,103425,65513,37912,0,33565,11641275,107388,69263,38125,0
"경상북도",구미시,38784,28794168,239229,118537,120692,0,38987,29838627,246773,117033,129740,0,39299,30582985,259000,120830,138170,0,39927,31322818,274767,137965,136802,0,40675,32377588,279214,149193,130020,0,40695,33642754,286689,159250,127439,0
"경상북도",영주시,26854,6653339,53779,34247,19532,0,26746,6779505,54012,33591,20421,0,26815,6919624,57409,34835,22574,0,27449,7205930,59634,36322,23312,0,27973,7270225,58904,36391,22513,0,27649,7442372,59750,37460,22290,0
"경상북도",영천시,27253,6194297,46669,30496,16172,0,27027,6315304,46707,30043,16664,0,26964,6541012,41801,31227,10574,0,27575,6831817,51764,33122,18642,0,28365,7040231,50877,32815,18062,0,27647,7250578,53310,34933,18377,0
"경상북도",상주시,35577,6494354,36854,29520,7334,0,35454,6582887,37240,29135,8105,0,35432,6744361,38737,29644,9093,0,36522,7064162,40332,31091,9241,0,37785,7342523,41098,32115,8983,0,37520,7452854,44390,35580,8810,0
"경상북도",문경시,25464,4803859,30915,25643,5271,0,25284,4824370,31283,25261,6022,0,25251,4880880,32793,25878,6916,0,25888,5013885,34153,27089,7064,0,26395,5181829,34983,27653,7330,0,25818,5223981,36337,28509,7827,0
"경상북도",경산시,31627,17092570,165032,84354,80677,0,31643,17477413,161879,82017,79862,0,31902,18185147,170407,84751,85655,0,32749,18829252,178220,92168,86052,0,33388,19568282,175780,93281,82499,0,33142,20706564,179217,98674,80543,0
"경상북도",군위군,9985,1532428,8719,8203,516,0,9951,1532738,8268,7634,635,0,10016,1566097,8688,7804,883,0,10445,1658383,9455,8466,989,0,-,-,-,-,-,-,-,-,-,-,-,-
"경상북도",의성군,20611,3078437,15379,14313,1066,0,20490,3085752,15633,14286,1347,0,20541,3142443,16261,14627,1634,0,21106,3289043,16702,15007,1695,0,21852,3438617,16532,14877,1655,0,20926,3211276,16733,15088,1646,0
"경상북도",청송군,9960,1589614,9089,9089,0,0,9971,1605626,8976,8976,0,0,10022,1641626,9006,9006,0,0,10419,1775805,9813,9813,0,0,10731,1822669,9897,9897,0,0,10659,1774262,10389,10389,0,0
"경상북도",영양군,7638,967947,6272,6272,0,0,7582,963159,5885,5885,0,0,7614,975259,5744,5744,0,0,7783,1005127,5642,5642,0,0,7938,1024584,5567,5567,0,0,7567,961013,5931,5931,0,0
"경상북도",영덕군,14543,2254036,16371,14996,1375,0,14437,2256359,16278,14440,1837,0,14438,2288888,16650,14272,2378,0,14736,2354066,17246,14574,2672,0,15033,2432163,17376,14642,2734,0,14521,2428584,18488,15479,3009,0
"경상북도",청도군,19513,2505915,15453,13684,1769,0,19506,2556085,15118,13155,1963,0,19506,2606388,15697,13561,2135,0,20077,2715952,16408,14321,2087,0,20590,2822320,16604,14557,2047,0,20027,2924087,17445,15412,2033,0
"경상북도",고령군,10501,2060876,14678,11720,2958,0,10453,2086273,14817,11802,3015,0,10551,2158466,15669,12206,3462,0,10815,2255675,16163,12410,3753,0,11190,2346631,15945,12165,3779,0,10909,2488047,16387,12732,3656,0
"경상북도",성주군,16247,2809214,13584,13385,198,0,16271,2872818,13652,13196,456,0,16327,2973443,14829,13800,1030,0,16979,3140708,16326,14874,1452,0,17532,3288019,16155,14556,1599,0,17244,3466224,17486,15794,1692,0
"경상북도",칠곡군,21798,8428574,69836,44502,25333,0,21814,8505503,72172,43771,28400,0,22033,8768433,76606,45894,30713,0,22722,9115368,79654,50094,29561,0,23236,9295246,77606,48989,28616,0,23418,9678363,80049,51842,28207,0
"경상북도",예천군,18288,3939384,23828,16335,7493,0,18218,3979799,25140,16589,8551,0,18234,4104076,26653,16961,9691,0,18660,4264063,28475,18638,9837,0,19089,4348849,28412,18521,9892,0,18628,4138706,29315,19545,9770,0
"경상북도",봉화군,13577,1902839,11659,10206,1453,0,13505,1907967,12044,10452,1592,0,13479,1921974,12471,10768,1704,0,13777,2026346,12585,10869,1716,0,14077,2076216,12202,10589,1613,0,13436,1974176,12393,10726,1668,0
"경상북도",울진군,16927,3325166,20752,18796,1956,0,16824,3327130,20466,18156,2310,0,16808,3371031,21105,18185,2920,0,17186,3497569,22451,19205,3246,0,17480,3556536,22812,19427,3385,0,17436,3846603,25834,22230,3604,0
"경상북도",울릉군,3216,522219,3698,3698,0,0,3190,528993,3464,3464,0,0,3188,539377,3853,3853,0,0,3298,556954,4180,4180,0,0,3332,564006,4139,4139,0,0,3306,573766,4484,4484,0,0
"경상남도",소계,511041,211076417,1788179,1068270,668822,51087,507014,214444285,1799877,1061606,683625,54646,506401,216900195,1834296,1074489,701979,57829,521738,225710817,1947192,1158809,727872,60511,532497,231550938,1936928,1172377,709564,54987,522024,236393096,2003771,1257063,690646,56062
"경상남도",창원시 의창구,26922,16218007,152146,81158,70832,156,26545,16818357,151898,79411,71469,1018,23722,13972656,126787,67502,59286,0,24153,14248740,132293,73075,59218,0,24427,14461295,133591,73724,59868,0,24342,14811600,137452,79688,57764,0
"경상남도",창원시 성산구,9516,16876502,141244,73128,68117,0,9562,17090962,140895,71146,69749,0,9890,18369594,144902,72801,72100,0,12826,21267424,177497,91957,85540,0,13168,22053876,171242,90701,80541,0,13215,22173627,172364,94935,77429,0
"경상남도",창원시 마산합포구,25910,10898825,102975,61731,41244,0,25750,11438359,101379,59835,41544,0,25712,11441434,104514,60326,44188,0,25919,11724901,109409,64005,45404,0,25924,11911746,109614,64447,45167,0,25020,12098974,110570,67935,42635,0
"경상남도",창원시 마산회원구,18555,10703835,113367,55546,57821,0,18418,10765854,111146,54167,56978,0,18367,11148166,116763,55154,61610,0,18468,11330553,115975,57292,58683,0,18519,11385941,112443,57321,55122,0,18479,11641094,109798,58093,51705,0
"경상남도",창원시 진해구,20034,12096560,98968,52472,46496,0,19910,12195973,100348,52226,48122,0,19837,12575769,106306,55129,51176,0,19684,12900759,111050,58942,52108,0,19723,13027522,114918,62847,52071,0,19368,13002169,116633,66901,49732,0
"경상남도",진주시,51763,22228621,198757,117326,74969,6461,51430,22643213,200376,115617,77564,7195,51581,23346637,205009,117443,78628,8937,52305,23790632,216321,125039,82012,9270,53071,24240463,215670,127772,79290,8607,52277,24708739,222766,135721,78456,8589
"경상남도",통영시,24566,8036125,80131,57187,22944,0,24231,7992474,81132,57432,23700,0,24202,8032048,84508,59752,24757,0,24411,8131612,89305,63760,25546,0,24722,8442531,88773,63666,25108,0,23802,8439022,89824,65665,24159,0
"경상남도",사천시,24690,7294106,53596,34286,19311,0,24418,7387582,53320,33316,20004,0,24638,7761678,54209,33626,20583,0,25292,8074234,58434,36722,21711,0,25748,8338442,57306,36735,20571,0,24967,8477107,60790,39740,21050,0
"경상남도",김해시,41509,31451476,316328,165784,132950,17594,41396,32037984,316139,163965,133624,18549,41405,32575639,328397,168121,140319,19956,42001,33367296,341041,177217,143179,20645,42791,34252179,329060,175211,135496,18353,43387,36127547,342085,192778,130940,18367
"경상남도",밀양시,33974,6834207,42410,31228,11182,0,33615,6950017,44025,32322,11703,0,33868,7217138,49437,35974,13464,0,35554,7634574,53692,39969,13723,0,36732,8003582,56000,42557,13444,0,36054,8032550,59788,46661,13127,0
"경상남도",거제시,29611,15987864,101455,71970,29485,0,29354,16147446,102090,71194,30896,0,29424,16289677,103298,71881,31418,0,30320,16736552,108754,76701,32054,0,30686,16871342,111758,78837,32921,0,29748,17325888,119862,86588,33274,0
"경상남도",양산시,24068,21745696,205477,111846,66755,26876,24093,22139202,208651,111943,68825,27883,24236,22540708,217657,116573,72148,28935,24834,23163926,231442,125342,75505,30596,25394,24008340,226106,124178,73900,28027,25840,25443863,236381,133466,73809,29106
"경상남도",의령군,12761,1877462,9032,7505,1527,0,12596,1883704,9117,7409,1708,0,12590,1896957,9360,7377,1983,0,12959,1979614,10503,8344,2159,0,13291,2048681,10622,8352,2270,0,12617,1944263,11021,8673,2348,0
"경상남도",함안군,15420,4347792,30606,22783,7823,0,15315,4346977,31078,22804,8273,0,15707,4617376,32787,23231,9556,0,16149,4727344,33135,23549,9586,0,16828,4870099,32350,23222,9129,0,16632,5031473,33787,25190,8597,0
"경상남도",창녕군,22232,4340293,22446,20587,1859,0,22029,4332826,22016,19836,2181,0,22173,4365668,22755,20283,2471,0,23028,4533574,23448,21005,2443,0,23616,4684403,24105,21339,2766,0,22913,4698743,26004,22748,3256,0
"경상남도",고성군,19575,3464283,23188,20163,3025,0,19342,3448211,24692,21465,3227,0,19391,3501838,25964,22499,3465,0,19996,3614183,26878,23372,3506,0,20450,3709992,28124,24663,3460,0,19571,3656313,33039,29695,3343,0
"경상남도",남해군,21981,2997626,14361,14361,0,0,21784,3001539,14112,14112,0,0,21895,3062799,14509,14509,0,0,22686,3184489,15178,15178,0,0,23317,3304446,15145,15145,0,0,22266,3069765,16175,16175,0,0
"경상남도",하동군,19335,2975989,15928,14801,1127,0,19200,2987688,21315,19912,1403,0,19357,3053398,19091,17431,1660,0,20038,3166136,22119,20266,1853,0,20555,3285895,26847,24864,1983,0,20050,3202810,28213,26231,1982,0
"경상남도",산청군,14892,2018688,10812,10812,0,0,14744,2034788,10667,10667,0,0,14901,2085909,10936,10936,0,0,15732,2228486,11682,11682,0,0,16315,2350761,12470,11590,880,0,15927,2370655,13582,12477,1105,0
"경상남도",함양군,15194,2284039,14029,11157,2872,0,15079,2329633,14212,10962,3251,0,15106,2383767,14540,11144,3395,0,15600,2524270,15239,11681,3558,0,16155,2612004,15444,11885,3558,0,15832,2643629,16047,12466,3581,0
"경상남도",거창군,18478,3608625,27506,19024,8482,0,18329,3651107,28058,18655,9403,0,18415,3744466,29180,19408,9772,0,19207,4326758,30051,19966,10084,0,19898,4478827,29691,19535,10157,0,19201,4582156,30653,20534,10119,0
"경상남도",합천군,20057,2789796,13415,13414,1,0,19877,2820389,13211,13210,0,0,19985,2916872,13390,13390,0,0,20575,3054758,13747,13747,0,0,21168,3208570,15649,13786,1863,0,20516,2911110,16938,14702,2236,0
"제주특별자치도",소계,129814,43439169,280908,259057,21851,0,130758,46637920,289201,257139,32062,0,132442,48139303,311447,270037,41410,0,138032,50216266,336492,296853,39639,0,143570,51969287,340292,305484,34809,0,147146,53851963,370416,333177,37239,0
"제주특별자치도",제주시,84897,30670069,200653,180638,20015,0,85556,31141504,209911,179933,29978,0,86585,32119074,225297,187245,38051,0,90302,33588926,242584,206026,36558,0,93976,34581085,244138,211638,32500,0,96332,35907823,267047,232349,34698,0
"제주특별자치도",서귀포시,44917,12769100,80255,78419,1836,0,45202,15496416,79290,77206,2084,0,45857,16020229,86151,82792,3359,0,47730,16627340,93908,90827,3081,0,49594,17388202,96155,93846,2309,0,50814,17944140,103369,100828,2541,0
